Station ID,Station,vehicle
1,Kaivopuisto,0.0
2,Laivasillankatu,0.0
4,Viiskulma,0.0
5,Sepänkatu,0.0
7,Design Museum,0.0
8,Vanha kirkkopuisto,0.0
10,Kasarmitori,0.0
12,Kanavaranta,0.0
14,Senate Square,0.0
15,Ritarikatu,0.0
16,Liisanpuistikko,1.0
17,Varsapuistikko,1.0
18,Porthania,0.0
20,Kaisaniemenpuisto,1.0
22,Central Railway Station/West,0.0
23,Kiasma,1.0
24,Mannerheimintie,0.0
26,Kamppi (M),0.0
27,Eerikinkatu,0.0
28,Lastenlehto,0.0
29,Baana,0.0
30,Itämerentori,0.0
31,Maria Hospital,0.0
32,Finnish Museum of Natural History,0.0
33,Hanken School of Economics,0.0
34,National Museum,1.0
40,Hakaniemi (M),1.0
42,Haapaniemenkatu,1.0
43,Karhupuisto,1.0
45,Brahen kenttä,1.0
46,Diakoniapuisto,1.0
61,Länsisatamankatu,0.0
64,Tyynenmerenkatu,0.0
65,Hernesaarenranta,0.0
66,Ehrenströmintie,0.0
69,Kalevankatu,0.0
70,Sammonpuistikko,0.0
72,Eteläinen Hesperiankatu,1.0
73,Kesäkatu,1.0
74,Rajasaarentie,1.0
75,Korjaamo,1.0
76,Olympic Stadium,1.0
79,Swimming Stadium,1.0
81,Stenbäckinkatu,1.0
87,Kustaankatu,1.0
108,Radiokatu,2.0
113,Pasila railway station,2.0
116,Linnanmäki Amusement Park,1.0
117,Brahen puistikko,2.0
118,Fleminginkatu,1.0
120,Mäkelänkatu,1.0
121,Vilhonvuorenkatu,1.0
122,Lintulahdenkatu,1.0
124,Isoisänsilta,2.0
125,Arielinkatu,2.0
129,Pernajantie,2.0
132,Hollolantie,2.0
135,Velodrominrinne,2.0
136,Sofianlehdonkatu,2.0
137,Arabia Shopping Center,2.0
140,Verkatehtaanpuisto,2.0
142,Koskelantie,2.0
146,Pohjolanaukio,2.0
202,Merihaka,1.0
204,A.I. Virtasen aukio,2.0
205,Ilmala Station,2.0
229,Käskynhaltijantie,2.0
236,Hernepellontie,2.0
292,Koskelan varikko,2.0
