Station ID,Station,vehicle
2,Laivasillankatu,0.0
3,Kapteeninpuistikko,0.0
4,Viiskulma,0.0
5,Sepänkatu,0.0
11,Unioninkatu,0.0
13,Merisotilaantori,0.0
17,Varsapuistikko,1.0
19,Central Railway Station/East,0.0
22,Central Railway Station/West,0.0
24,Mannerheimintie,0.0
28,Lastenlehto,0.0
29,Baana,0.0
31,Maria Hospital,0.0
33,Hanken School of Economics,1.0
34,National Museum,1.0
38,Töölöntori,1.0
40,Hakaniemi (M),0.0
41,Ympyrätalo,1.0
42,Haapaniemenkatu,0.0
43,Karhupuisto,1.0
44,Sörnäinen (M),1.0
45,Brahen kenttä,1.0
46,Diakoniapuisto,1.0
48,Mastokatu,0.0
49,Annankatu,0.0
61,Länsisatamankatu,0.0
62,Välimerenkatu,0.0
66,Ehrenströmintie,0.0
67,Perämiehenkatu,0.0
68,Albertinkatu,0.0
69,Kalevankatu,0.0
70,Sammonpuistikko,1.0
71,Hietaniemenkatu,0.0
72,Eteläinen Hesperiankatu,1.0
73,Kesäkatu,1.0
75,Korjaamo,1.0
77,Nordenskiöldinaukio,1.0
78,Messeniuksenkatu,1.0
82,Töölöntulli,2.0
85,Jalavatie,2.0
86,Kuusitie,2.0
87,Kustaankatu,1.0
88,Kiskontie,2.0
108,Radiokatu,2.0
111,Esterinportti,1.0
112,Rautatieläisenkatu,2.0
117,Brahen puistikko,1.0
118,Fleminginkatu,1.0
119,Gebhardinaukio,2.0
120,Mäkelänkatu,1.0
121,Vilhonvuorenkatu,1.0
122,Lintulahdenkatu,1.0
123,Näkinsilta,0.0
124,Isoisänsilta,1.0
125,Arielinkatu,1.0
126,Kalasatama (M),1.0
128,Päijänteentie,1.0
129,Pernajantie,1.0
132,Hollolantie,2.0
133,Paavalinpuisto,2.0
135,Velodrominrinne,2.0
137,Arabia Shopping Center,2.0
138,Arabiankatu,2.0
140,Verkatehtaanpuisto,2.0
142,Koskelantie,2.0
145,Pohjolankatu,2.0
147,Käpylä station,2.0
148,Juhana Herttuan tie,2.0
149,Toinen linja,0.0
162,Leppäsuonaukio,0.0
201,Länsisatamankuja,0.0
204,A.I. Virtasen aukio,2.0
227,Kylävoudintie,2.0
228,Kustaankartano,2.0
229,Käskynhaltijantie,2.0
230,Mäkitorpantie,2.0
290,Vallilan varikko,1.0
292,Koskelan varikko,2.0
