Station ID,Station,vehicle
1,Kaivopuisto,0.0
2,Laivasillankatu,0.0
4,Viiskulma,0.0
7,Design Museum,0.0
8,Vanha kirkkopuisto,0.0
10,Kasarmitori,0.0
13,Merisotilaantori,1.0
14,Senate Square,0.0
16,Liisanpuistikko,1.0
17,Varsapuistikko,0.0
18,Porthania,0.0
20,Kaisaniemenpuisto,1.0
23,Kiasma,0.0
25,Narinkka,0.0
27,Eerikinkatu,0.0
28,Lastenlehto,0.0
30,Itämerentori,0.0
31,Maria Hospital,0.0
32,Finnish Museum of Natural History,0.0
33,Hanken School of Economics,0.0
34,National Museum,0.0
35,Cygnaeuksenkatu,0.0
37,Töölönkatu,0.0
38,Töölöntori,0.0
44,Sörnäinen (M),1.0
46,Diakoniapuisto,1.0
49,Annankatu,0.0
61,Länsisatamankatu,0.0
62,Välimerenkatu,0.0
64,Tyynenmerenkatu,0.0
65,Hernesaarenranta,0.0
67,Perämiehenkatu,0.0
69,Kalevankatu,0.0
70,Sammonpuistikko,0.0
71,Hietaniemenkatu,0.0
72,Eteläinen Hesperiankatu,0.0
73,Kesäkatu,1.0
74,Rajasaarentie,1.0
76,Olympic Stadium,1.0
79,Swimming Stadium,2.0
81,Stenbäckinkatu,1.0
108,Radiokatu,2.0
109,Hertanmäenkatu,2.0
113,Pasila railway station,2.0
115,Venttiilikuja,2.0
116,Linnanmäki Amusement Park,1.0
117,Brahen puistikko,1.0
118,Fleminginkatu,1.0
120,Mäkelänkatu,1.0
121,Vilhonvuorenkatu,1.0
124,Isoisänsilta,1.0
125,Arielinkatu,1.0
128,Päijänteentie,2.0
135,Velodrominrinne,2.0
137,Arabia Shopping Center,1.0
139,Kaironkatu,2.0
141,Intiankatu,2.0
145,Pohjolankatu,2.0
146,Pohjolanaukio,2.0
147,Käpylä station,2.0
162,Leppäsuonaukio,0.0
202,Merihaka,1.0
222,Huovitie,2.0
227,Kylävoudintie,2.0
230,Mäkitorpantie,2.0
234,Otto Brandtin tie,2.0
235,Katariina Saksilaisen katu,2.0
236,Hernepellontie,2.0
237,Aulangontie,2.0
293,Korkeasaari,1.0
