Station ID,Station,vehicle
1,Kaivopuisto,0.0
2,Laivasillankatu,0.0
4,Viiskulma,0.0
7,Design Museum,0.0
14,Senate Square,0.0
15,Ritarikatu,2.0
16,Liisanpuistikko,2.0
18,Porthania,0.0
20,Kaisaniemenpuisto,0.0
23,Kiasma,0.0
24,Mannerheimintie,0.0
25,Narinkka,0.0
28,Lastenlehto,0.0
29,Baana,0.0
30,Itämerentori,0.0
31,Maria Hospital,0.0
32,Finnish Museum of Natural History,0.0
33,Hanken School of Economics,0.0
34,National Museum,0.0
35,Cygnaeuksenkatu,0.0
36,Apollonkatu,2.0
38,Töölöntori,2.0
39,Opera,2.0
41,Ympyrätalo,2.0
42,Haapaniemenkatu,2.0
43,Karhupuisto,2.0
45,Brahen kenttä,1.0
46,Diakoniapuisto,1.0
61,Länsisatamankatu,0.0
62,Välimerenkatu,0.0
64,Tyynenmerenkatu,0.0
65,Hernesaarenranta,0.0
69,Kalevankatu,0.0
70,Sammonpuistikko,0.0
71,Hietaniemenkatu,0.0
72,Eteläinen Hesperiankatu,0.0
73,Kesäkatu,2.0
74,Rajasaarentie,2.0
76,Olympic Stadium,1.0
87,Kustaankatu,2.0
107,Tenholantie,1.0
108,Radiokatu,1.0
109,Hertanmäenkatu,1.0
110,Maistraatintori,2.0
111,Esterinportti,1.0
113,Pasila railway station,1.0
114,Ratapihantie,2.0
117,Brahen puistikko,1.0
121,Vilhonvuorenkatu,2.0
124,Isoisänsilta,2.0
125,Arielinkatu,2.0
133,Paavalinpuisto,1.0
137,Arabia Shopping Center,2.0
142,Koskelantie,1.0
145,Pohjolankatu,1.0
148,Juhana Herttuan tie,1.0
149,Toinen linja,2.0
162,Leppäsuonaukio,0.0
201,Länsisatamankuja,0.0
202,Merihaka,2.0
203,Opastinsilta,2.0
205,Ilmala Station,1.0
224,Vesakkotie,1.0
227,Kylävoudintie,1.0
228,Kustaankartano,1.0
230,Mäkitorpantie,1.0
233,Kirkkoherrantie,1.0
236,Hernepellontie,1.0
243,Mustikkamaa,2.0
290,Vallilan varikko,2.0
292,Koskelan varikko,1.0
293,Korkeasaari,2.0
