Station ID,Station,s_min,s_max,level,selfSufficient
1,Kaivopuisto,7.0,29.0,1.0,False
2,Laivasillankatu,4.0,10.0,1.0,False
3,Kapteeninpuistikko,9.0,16.0,9.0,True
4,Viiskulma,6.0,13.0,0.0,False
5,Sepänkatu,8.0,32.0,12.0,True
6,Hietalahdentori,7.0,23.0,7.0,True
7,Design Museum,4.0,11.0,2.0,False
8,Vanha kirkkopuisto,1.0,16.0,1.0,True
9,Erottajan aukio,1.0,32.0,2.0,True
10,Kasarmitori,3.0,24.0,3.0,True
11,Unioninkatu,1.0,7.0,2.0,True
12,Kanavaranta,1.0,27.0,1.0,True
13,Merisotilaantori,5.0,22.0,18.0,True
14,Senate Square,1.0,16.0,0.0,False
15,Ritarikatu,7.0,11.0,3.0,False
16,Liisanpuistikko,7.0,16.0,0.0,False
17,Varsapuistikko,3.0,22.0,4.0,True
18,Porthania,2.0,25.0,0.0,False
19,Central Railway Station/East,0.0,5.0,1.0,True
20,Kaisaniemenpuisto,2.0,15.0,1.0,False
21,Töölönlahdenkatu,0.0,34.0,0.0,True
22,Central Railway Station/West,0.0,2.0,0.0,True
23,Kiasma,1.0,23.0,0.0,False
24,Mannerheimintie,1.0,11.0,0.0,False
25,Narinkka,1.0,31.0,32.0,False
26,Kamppi (M),2.0,26.0,5.0,True
27,Eerikinkatu,3.0,10.0,8.0,True
28,Lastenlehto,5.0,15.0,1.0,False
29,Baana,4.0,9.0,16.0,False
30,Itämerentori,5.0,35.0,1.0,False
31,Maria Hospital,8.0,15.0,7.0,False
32,Finnish Museum of Natural History,2.0,15.0,1.0,False
33,Hanken School of Economics,6.0,14.0,5.0,False
34,National Museum,2.0,12.0,0.0,False
35,Cygnaeuksenkatu,5.0,15.0,4.0,False
36,Apollonkatu,13.0,20.0,9.0,False
37,Töölönkatu,9.0,15.0,10.0,True
38,Töölöntori,4.0,13.0,1.0,False
39,Opera,2.0,18.0,1.0,False
40,Hakaniemi (M),2.0,22.0,10.0,True
41,Ympyrätalo,10.0,34.0,36.0,False
42,Haapaniemenkatu,7.0,17.0,5.0,False
43,Karhupuisto,4.0,23.0,3.0,False
44,Sörnäinen (M),7.0,20.0,15.0,True
45,Brahen kenttä,11.0,19.0,4.0,False
46,Diakoniapuisto,6.0,15.0,4.0,False
47,Market Square,1.0,18.0,1.0,True
48,Mastokatu,4.0,20.0,13.0,True
49,Annankatu,3.0,12.0,6.0,True
59,Salmisaarenranta,0.0,6.0,1.0,True
60,Cable Factory,1.0,17.0,1.0,True
61,Länsisatamankatu,7.0,15.0,1.0,False
62,Välimerenkatu,10.0,15.0,8.0,False
63,Jätkäsaarenlaituri,6.0,21.0,20.0,True
64,Tyynenmerenkatu,7.0,18.0,20.0,False
65,Hernesaarenranta,2.0,35.0,40.0,False
66,Ehrenströmintie,2.0,17.0,2.0,True
67,Perämiehenkatu,7.0,15.0,13.0,True
68,Albertinkatu,8.0,20.0,20.0,True
69,Kalevankatu,4.0,12.0,1.0,False
70,Sammonpuistikko,8.0,13.0,3.0,False
71,Hietaniemenkatu,1.0,18.0,0.0,False
72,Eteläinen Hesperiankatu,4.0,15.0,0.0,False
73,Kesäkatu,3.0,12.0,1.0,False
74,Rajasaarentie,3.0,12.0,1.0,False
75,Korjaamo,9.0,19.0,12.0,True
76,Olympic Stadium,3.0,13.0,0.0,False
77,Nordenskiöldinaukio,8.0,16.0,16.0,True
78,Messeniuksenkatu,8.0,19.0,14.0,True
79,Swimming Stadium,1.0,14.0,4.0,True
80,Ice hall,1.0,15.0,5.0,True
81,Stenbäckinkatu,0.0,1.0,1.0,True
82,Töölöntulli,0.0,8.0,7.0,True
83,Meilahti Hospital,0.0,8.0,1.0,True
85,Jalavatie,4.0,14.0,4.0,True
86,Kuusitie,6.0,23.0,6.0,True
87,Kustaankatu,7.0,19.0,6.0,False
88,Kiskontie,4.0,18.0,4.0,True
107,Tenholantie,8.0,17.0,18.0,False
108,Radiokatu,4.0,11.0,0.0,False
109,Hertanmäenkatu,5.0,18.0,3.0,False
110,Maistraatintori,3.0,16.0,2.0,False
111,Esterinportti,3.0,15.0,1.0,False
112,Rautatieläisenkatu,1.0,13.0,1.0,True
113,Pasila railway station,4.0,36.0,0.0,False
114,Ratapihantie,2.0,16.0,0.0,False
115,Venttiilikuja,7.0,16.0,9.0,True
116,Linnanmäki Amusement Park,7.0,31.0,8.0,True
117,Brahen puistikko,7.0,11.0,12.0,False
118,Fleminginkatu,10.0,21.0,15.0,True
119,Gebhardinaukio,3.0,16.0,6.0,True
120,Mäkelänkatu,5.0,27.0,6.0,True
121,Vilhonvuorenkatu,7.0,14.0,16.0,False
122,Lintulahdenkatu,8.0,23.0,10.0,True
123,Näkinsilta,11.0,24.0,19.0,True
124,Isoisänsilta,10.0,17.0,4.0,False
125,Arielinkatu,6.0,14.0,4.0,False
126,Kalasatama (M),0.0,11.0,1.0,True
127,Teurastamo,1.0,21.0,2.0,True
128,Päijänteentie,5.0,13.0,13.0,True
129,Pernajantie,7.0,19.0,11.0,True
130,Teollisuuskatu,1.0,19.0,3.0,True
131,Elimäenkatu,0.0,12.0,2.0,True
132,Hollolantie,4.0,10.0,8.0,True
133,Paavalinpuisto,7.0,22.0,0.0,False
134,Haukilahdenkatu,8.0,25.0,14.0,True
135,Velodrominrinne,3.0,8.0,6.0,True
136,Sofianlehdonkatu,4.0,11.0,7.0,True
137,Arabia Shopping Center,6.0,29.0,30.0,False
138,Arabiankatu,8.0,22.0,22.0,True
139,Kaironkatu,6.0,16.0,16.0,True
140,Verkatehtaanpuisto,3.0,12.0,5.0,True
141,Intiankatu,4.0,14.0,9.0,True
142,Koskelantie,3.0,9.0,12.0,False
144,Käpyläntie,3.0,11.0,11.0,True
145,Pohjolankatu,3.0,10.0,0.0,False
146,Pohjolanaukio,3.0,14.0,6.0,True
147,Käpylä station,1.0,10.0,2.0,True
148,Juhana Herttuan tie,9.0,16.0,8.0,False
149,Toinen linja,8.0,22.0,3.0,False
150,Töölönlahden puisto,2.0,15.0,3.0,True
161,Eteläesplanadi,1.0,22.0,3.0,True
162,Leppäsuonaukio,4.0,25.0,1.0,False
200,West Terminal,2.0,21.0,13.0,True
201,Länsisatamankuja,13.0,14.0,6.0,False
202,Merihaka,9.0,15.0,2.0,False
203,Opastinsilta,4.0,37.0,2.0,False
204,A.I. Virtasen aukio,3.0,22.0,6.0,True
205,Ilmala Station,3.0,14.0,0.0,False
222,Huovitie,2.0,8.0,7.0,True
224,Vesakkotie,4.0,11.0,12.0,False
225,Maunula,2.0,14.0,7.0,True
227,Kylävoudintie,3.0,11.0,2.0,False
228,Kustaankartano,3.0,19.0,2.0,False
229,Käskynhaltijantie,3.0,17.0,3.0,True
230,Mäkitorpantie,2.0,16.0,1.0,False
232,Oulunkylä Station,1.0,9.0,3.0,True
233,Kirkkoherrantie,3.0,9.0,2.0,False
234,Otto Brandtin tie,4.0,19.0,11.0,True
235,Katariina Saksilaisen katu,4.0,15.0,8.0,True
236,Hernepellontie,3.0,12.0,14.0,False
237,Aulangontie,3.0,15.0,5.0,True
243,Mustikkamaa,2.0,18.0,0.0,False
290,Vallilan varikko,6.0,19.0,2.0,False
292,Koskelan varikko,2.0,12.0,1.0,False
293,Korkeasaari,1.0,11.0,0.0,False
294,Postipuisto,2.0,15.0,7.0,True
402,Välimerenkatu,0.0,16.0,16.0,True
403,Verkkosaari,0.0,20.0,2.0,True
404,Sompasaari,0.0,14.0,0.0,True
