Station ID,Station,vehicle
2,Laivasillankatu,0.0
3,Kapteeninpuistikko,0.0
4,Viiskulma,0.0
5,Sepänkatu,0.0
7,Design Museum,0.0
8,Vanha kirkkopuisto,0.0
10,Kasarmitori,0.0
11,Unioninkatu,0.0
13,Merisotilaantori,0.0
15,Ritarikatu,0.0
16,Liisanpuistikko,0.0
19,Central Railway Station/East,1.0
20,Kaisaniemenpuisto,1.0
22,Central Railway Station/West,0.0
24,Mannerheimintie,0.0
26,Kamppi (M),0.0
27,Eerikinkatu,0.0
28,Lastenlehto,0.0
29,Baana,0.0
31,Maria Hospital,0.0
32,Finnish Museum of Natural History,0.0
33,Hanken School of Economics,0.0
34,National Museum,1.0
35,Cygnaeuksenkatu,1.0
36,Apollonkatu,0.0
37,Töölönkatu,1.0
38,Töölöntori,1.0
40,Hakaniemi (M),1.0
42,Haapaniemenkatu,1.0
43,Karhupuisto,1.0
44,Sörnäinen (M),1.0
45,Brahen kenttä,1.0
46,Diakoniapuisto,1.0
49,Annankatu,0.0
60,Cable Factory,0.0
61,Länsisatamankatu,0.0
62,Välimerenkatu,0.0
63,Jätkäsaarenlaituri,0.0
66,Ehrenströmintie,0.0
67,Perämiehenkatu,0.0
69,Kalevankatu,0.0
70,Sammonpuistikko,0.0
71,Hietaniemenkatu,0.0
75,Korjaamo,1.0
77,Nordenskiöldinaukio,1.0
78,Messeniuksenkatu,1.0
79,Swimming Stadium,1.0
82,Töölöntulli,1.0
85,Jalavatie,2.0
86,Kuusitie,2.0
87,Kustaankatu,1.0
88,Kiskontie,2.0
107,Tenholantie,2.0
108,Radiokatu,2.0
109,Hertanmäenkatu,2.0
110,Maistraatintori,1.0
111,Esterinportti,1.0
112,Rautatieläisenkatu,1.0
113,Pasila railway station,1.0
114,Ratapihantie,1.0
115,Venttiilikuja,1.0
116,Linnanmäki Amusement Park,1.0
117,Brahen puistikko,1.0
118,Fleminginkatu,1.0
120,Mäkelänkatu,1.0
121,Vilhonvuorenkatu,1.0
122,Lintulahdenkatu,1.0
123,Näkinsilta,0.0
124,Isoisänsilta,2.0
125,Arielinkatu,2.0
126,Kalasatama (M),1.0
128,Päijänteentie,2.0
129,Pernajantie,2.0
130,Teollisuuskatu,1.0
131,Elimäenkatu,2.0
132,Hollolantie,1.0
134,Haukilahdenkatu,1.0
138,Arabiankatu,2.0
140,Verkatehtaanpuisto,2.0
144,Käpyläntie,2.0
147,Käpylä station,2.0
148,Juhana Herttuan tie,2.0
149,Toinen linja,1.0
162,Leppäsuonaukio,0.0
201,Länsisatamankuja,0.0
202,Merihaka,1.0
222,Huovitie,2.0
225,Maunula,2.0
227,Kylävoudintie,2.0
229,Käskynhaltijantie,2.0
230,Mäkitorpantie,2.0
232,Oulunkylä Station,2.0
237,Aulangontie,2.0
290,Vallilan varikko,1.0
292,Koskelan varikko,2.0
294,Postipuisto,2.0
