Station ID,Station,vehicle
4,Viiskulma,0.0
5,Sepänkatu,0.0
7,Design Museum,0.0
9,Erottajan aukio,1.0
10,Kasarmitori,1.0
14,Senate Square,1.0
15,Ritarikatu,1.0
16,Liisanpuistikko,1.0
18,Porthania,1.0
20,Kaisaniemenpuisto,1.0
23,Kiasma,1.0
25,Narinkka,1.0
26,Kamppi (M),0.0
27,Eerikinkatu,0.0
29,Baana,0.0
32,Finnish Museum of Natural History,0.0
33,Hanken School of Economics,0.0
34,National Museum,0.0
35,Cygnaeuksenkatu,0.0
36,Apollonkatu,0.0
37,Töölönkatu,1.0
39,Opera,0.0
40,Hakaniemi (M),1.0
44,Sörnäinen (M),1.0
45,Brahen kenttä,1.0
46,Diakoniapuisto,1.0
49,Annankatu,0.0
59,Salmisaarenranta,0.0
61,Länsisatamankatu,0.0
62,Välimerenkatu,0.0
64,Tyynenmerenkatu,0.0
67,Perämiehenkatu,0.0
68,Albertinkatu,0.0
69,Kalevankatu,0.0
70,Sammonpuistikko,0.0
71,Hietaniemenkatu,0.0
74,Rajasaarentie,0.0
75,Korjaamo,0.0
78,Messeniuksenkatu,2.0
82,Töölöntulli,2.0
85,Jalavatie,2.0
87,Kustaankatu,2.0
108,Radiokatu,2.0
109,Hertanmäenkatu,2.0
111,Esterinportti,2.0
113,Pasila railway station,2.0
115,Venttiilikuja,2.0
117,Brahen puistikko,1.0
118,Fleminginkatu,2.0
119,Gebhardinaukio,1.0
120,Mäkelänkatu,1.0
121,Vilhonvuorenkatu,1.0
122,Lintulahdenkatu,1.0
124,Isoisänsilta,1.0
125,Arielinkatu,1.0
128,Päijänteentie,1.0
134,Haukilahdenkatu,2.0
135,Velodrominrinne,2.0
147,Käpylä station,2.0
150,Töölönlahden puisto,0.0
162,Leppäsuonaukio,0.0
202,Merihaka,1.0
204,A.I. Virtasen aukio,2.0
230,Mäkitorpantie,2.0
290,Vallilan varikko,2.0
293,Korkeasaari,1.0
294,Postipuisto,2.0
