Station ID,Station,s_min,s_max,level,selfSufficient
40,Hakaniemi (M),2.0,22.0,1.0,False
41,Ympyrätalo,10.0,34.0,30.0,True
42,Haapaniemenkatu,7.0,17.0,4.0,False
43,Karhupuisto,4.0,23.0,0.0,False
44,Sörnäinen (M),7.0,20.0,11.0,True
45,Brahen kenttä,11.0,19.0,15.0,True
46,Diakoniapuisto,6.0,15.0,2.0,False
87,Kustaankatu,7.0,19.0,7.0,True
112,Rautatieläisenkatu,1.0,13.0,1.0,True
113,Pasila railway station,4.0,36.0,0.0,False
114,Ratapihantie,2.0,16.0,1.0,False
115,Venttiilikuja,7.0,16.0,4.0,False
116,Linnanmäki Amusement Park,7.0,31.0,4.0,False
117,Brahen puistikko,7.0,11.0,3.0,False
118,Fleminginkatu,10.0,21.0,20.0,True
119,Gebhardinaukio,3.0,16.0,3.0,True
120,Mäkelänkatu,5.0,27.0,7.0,True
121,Vilhonvuorenkatu,7.0,14.0,11.0,True
122,Lintulahdenkatu,8.0,23.0,24.0,False
123,Näkinsilta,11.0,24.0,24.0,True
127,Teurastamo,1.0,21.0,2.0,True
128,Päijänteentie,5.0,13.0,3.0,False
129,Pernajantie,7.0,19.0,9.0,True
130,Teollisuuskatu,1.0,19.0,2.0,True
131,Elimäenkatu,0.0,12.0,3.0,True
132,Hollolantie,4.0,10.0,4.0,True
133,Paavalinpuisto,7.0,22.0,15.0,True
134,Haukilahdenkatu,8.0,25.0,13.0,True
135,Velodrominrinne,3.0,8.0,0.0,False
136,Sofianlehdonkatu,4.0,11.0,0.0,False
137,Arabia Shopping Center,6.0,29.0,26.0,True
149,Toinen linja,8.0,22.0,7.0,False
202,Merihaka,9.0,15.0,4.0,False
203,Opastinsilta,4.0,37.0,4.0,True
290,Vallilan varikko,6.0,19.0,3.0,False
