Station ID,Station,vehicle
1,Kaivopuisto,0.0
2,Laivasillankatu,0.0
7,Design Museum,0.0
8,Vanha kirkkopuisto,0.0
12,Kanavaranta,2.0
14,Senate Square,2.0
15,Ritarikatu,2.0
17,Varsapuistikko,0.0
18,Porthania,0.0
20,Kaisaniemenpuisto,0.0
23,Kiasma,0.0
25,Narinkka,0.0
26,Kamppi (M),0.0
27,Eerikinkatu,0.0
28,Lastenlehto,0.0
32,Finnish Museum of Natural History,0.0
34,National Museum,0.0
35,Cygnaeuksenkatu,0.0
37,Töölönkatu,2.0
39,Opera,0.0
42,Haapaniemenkatu,2.0
44,Sörnäinen (M),2.0
46,Diakoniapuisto,1.0
49,Annankatu,0.0
61,Länsisatamankatu,0.0
64,Tyynenmerenkatu,0.0
65,Hernesaarenranta,0.0
69,Kalevankatu,0.0
70,Sammonpuistikko,0.0
71,Hietaniemenkatu,0.0
72,Eteläinen Hesperiankatu,0.0
74,Rajasaarentie,2.0
75,Korjaamo,2.0
79,Swimming Stadium,2.0
81,Stenbäckinkatu,2.0
87,Kustaankatu,2.0
107,Tenholantie,1.0
114,Ratapihantie,1.0
115,Venttiilikuja,1.0
116,Linnanmäki Amusement Park,1.0
117,Brahen puistikko,2.0
119,Gebhardinaukio,2.0
120,Mäkelänkatu,2.0
121,Vilhonvuorenkatu,2.0
122,Lintulahdenkatu,2.0
124,Isoisänsilta,2.0
129,Pernajantie,2.0
144,Käpyläntie,1.0
145,Pohjolankatu,1.0
146,Pohjolanaukio,1.0
147,Käpylä station,1.0
149,Toinen linja,2.0
162,Leppäsuonaukio,0.0
201,Länsisatamankuja,0.0
202,Merihaka,2.0
204,A.I. Virtasen aukio,1.0
205,Ilmala Station,1.0
222,Huovitie,1.0
224,Vesakkotie,1.0
227,Kylävoudintie,1.0
229,Käskynhaltijantie,1.0
232,Oulunkylä Station,1.0
243,Mustikkamaa,2.0
290,Vallilan varikko,1.0
292,Koskelan varikko,1.0
294,Postipuisto,1.0
