Station ID,Station,vehicle
2,Laivasillankatu,0.0
5,Sepänkatu,0.0
6,Hietalahdentori,0.0
8,Vanha kirkkopuisto,0.0
9,Erottajan aukio,0.0
10,Kasarmitori,0.0
12,Kanavaranta,1.0
15,Ritarikatu,1.0
17,Varsapuistikko,1.0
18,Porthania,1.0
20,Kaisaniemenpuisto,1.0
23,Kiasma,0.0
25,Narinkka,0.0
26,Kamppi (M),0.0
27,Eerikinkatu,0.0
28,Lastenlehto,0.0
29,Baana,0.0
31,Maria Hospital,0.0
32,Finnish Museum of Natural History,0.0
33,Hanken School of Economics,1.0
34,National Museum,0.0
35,Cygnaeuksenkatu,2.0
36,Apollonkatu,2.0
37,Töölönkatu,2.0
38,Töölöntori,0.0
39,Opera,0.0
40,Hakaniemi (M),0.0
43,Karhupuisto,1.0
45,Brahen kenttä,1.0
46,Diakoniapuisto,1.0
49,Annankatu,0.0
63,Jätkäsaarenlaituri,0.0
64,Tyynenmerenkatu,0.0
65,Hernesaarenranta,0.0
67,Perämiehenkatu,0.0
69,Kalevankatu,0.0
70,Sammonpuistikko,2.0
72,Eteläinen Hesperiankatu,0.0
73,Kesäkatu,0.0
76,Olympic Stadium,0.0
79,Swimming Stadium,1.0
81,Stenbäckinkatu,1.0
85,Jalavatie,2.0
86,Kuusitie,2.0
107,Tenholantie,2.0
109,Hertanmäenkatu,1.0
111,Esterinportti,1.0
113,Pasila railway station,1.0
114,Ratapihantie,1.0
116,Linnanmäki Amusement Park,1.0
117,Brahen puistikko,2.0
118,Fleminginkatu,1.0
120,Mäkelänkatu,1.0
121,Vilhonvuorenkatu,1.0
124,Isoisänsilta,1.0
135,Velodrominrinne,1.0
136,Sofianlehdonkatu,1.0
142,Koskelantie,1.0
145,Pohjolankatu,2.0
149,Toinen linja,0.0
150,Töölönlahden puisto,0.0
162,Leppäsuonaukio,0.0
203,Opastinsilta,2.0
222,Huovitie,2.0
224,Vesakkotie,2.0
225,Maunula,2.0
227,Kylävoudintie,2.0
228,Kustaankartano,2.0
229,Käskynhaltijantie,2.0
293,Korkeasaari,1.0
294,Postipuisto,2.0
