Station ID,Station,vehicle
2,Laivasillankatu,0.0
3,Kapteeninpuistikko,0.0
4,Viiskulma,0.0
7,Design Museum,0.0
11,Unioninkatu,0.0
13,Merisotilaantori,0.0
19,Central Railway Station/East,1.0
22,Central Railway Station/West,1.0
24,Mannerheimintie,0.0
26,Kamppi (M),0.0
27,Eerikinkatu,0.0
28,Lastenlehto,0.0
29,Baana,0.0
31,Maria Hospital,0.0
33,Hanken School of Economics,0.0
36,Apollonkatu,1.0
38,Töölöntori,1.0
42,Haapaniemenkatu,0.0
43,Karhupuisto,0.0
44,Sörnäinen (M),1.0
45,Brahen kenttä,1.0
46,Diakoniapuisto,1.0
48,Mastokatu,0.0
49,Annankatu,0.0
61,Länsisatamankatu,0.0
62,Välimerenkatu,0.0
63,Jätkäsaarenlaituri,0.0
65,Hernesaarenranta,0.0
67,Perämiehenkatu,0.0
68,Albertinkatu,0.0
69,Kalevankatu,0.0
70,Sammonpuistikko,0.0
71,Hietaniemenkatu,1.0
72,Eteläinen Hesperiankatu,1.0
73,Kesäkatu,1.0
74,Rajasaarentie,1.0
77,Nordenskiöldinaukio,1.0
79,Swimming Stadium,1.0
82,Töölöntulli,1.0
83,Meilahti Hospital,1.0
85,Jalavatie,1.0
86,Kuusitie,1.0
107,Tenholantie,2.0
108,Radiokatu,2.0
110,Maistraatintori,1.0
112,Rautatieläisenkatu,1.0
115,Venttiilikuja,1.0
116,Linnanmäki Amusement Park,1.0
117,Brahen puistikko,1.0
118,Fleminginkatu,1.0
119,Gebhardinaukio,1.0
120,Mäkelänkatu,2.0
121,Vilhonvuorenkatu,1.0
123,Näkinsilta,0.0
124,Isoisänsilta,2.0
125,Arielinkatu,2.0
126,Kalasatama (M),2.0
128,Päijänteentie,2.0
129,Pernajantie,1.0
130,Teollisuuskatu,1.0
132,Hollolantie,1.0
133,Paavalinpuisto,2.0
134,Haukilahdenkatu,2.0
138,Arabiankatu,2.0
142,Koskelantie,2.0
145,Pohjolankatu,2.0
147,Käpylä station,2.0
148,Juhana Herttuan tie,2.0
149,Toinen linja,0.0
150,Töölönlahden puisto,1.0
161,Eteläesplanadi,0.0
162,Leppäsuonaukio,1.0
201,Länsisatamankuja,0.0
203,Opastinsilta,1.0
204,A.I. Virtasen aukio,2.0
224,Vesakkotie,2.0
225,Maunula,2.0
229,Käskynhaltijantie,2.0
230,Mäkitorpantie,2.0
234,Otto Brandtin tie,2.0
236,Hernepellontie,2.0
237,Aulangontie,2.0
290,Vallilan varikko,2.0
292,Koskelan varikko,2.0
293,Korkeasaari,2.0
294,Postipuisto,2.0
