Station ID,Station,vehicle
3,Kapteeninpuistikko,0.0
4,Viiskulma,0.0
5,Sepänkatu,0.0
7,Design Museum,0.0
9,Erottajan aukio,0.0
10,Kasarmitori,0.0
11,Unioninkatu,0.0
12,Kanavaranta,0.0
16,Liisanpuistikko,1.0
17,Varsapuistikko,0.0
19,Central Railway Station/East,2.0
20,Kaisaniemenpuisto,1.0
21,Töölönlahdenkatu,2.0
22,Central Railway Station/West,2.0
24,Mannerheimintie,0.0
25,Narinkka,2.0
28,Lastenlehto,0.0
29,Baana,0.0
32,Finnish Museum of Natural History,0.0
33,Hanken School of Economics,0.0
34,National Museum,0.0
35,Cygnaeuksenkatu,0.0
36,Apollonkatu,0.0
37,Töölönkatu,2.0
38,Töölöntori,0.0
39,Opera,0.0
40,Hakaniemi (M),1.0
42,Haapaniemenkatu,2.0
43,Karhupuisto,2.0
44,Sörnäinen (M),1.0
45,Brahen kenttä,1.0
46,Diakoniapuisto,1.0
49,Annankatu,0.0
61,Länsisatamankatu,0.0
62,Välimerenkatu,0.0
63,Jätkäsaarenlaituri,0.0
65,Hernesaarenranta,0.0
67,Perämiehenkatu,0.0
68,Albertinkatu,0.0
69,Kalevankatu,0.0
70,Sammonpuistikko,0.0
71,Hietaniemenkatu,0.0
74,Rajasaarentie,2.0
75,Korjaamo,0.0
76,Olympic Stadium,0.0
77,Nordenskiöldinaukio,2.0
78,Messeniuksenkatu,2.0
82,Töölöntulli,2.0
85,Jalavatie,2.0
86,Kuusitie,2.0
87,Kustaankatu,2.0
88,Kiskontie,2.0
107,Tenholantie,2.0
109,Hertanmäenkatu,2.0
110,Maistraatintori,2.0
111,Esterinportti,2.0
112,Rautatieläisenkatu,1.0
113,Pasila railway station,2.0
115,Venttiilikuja,2.0
116,Linnanmäki Amusement Park,2.0
117,Brahen puistikko,2.0
119,Gebhardinaukio,2.0
120,Mäkelänkatu,2.0
122,Lintulahdenkatu,1.0
123,Näkinsilta,1.0
125,Arielinkatu,1.0
128,Päijänteentie,2.0
129,Pernajantie,2.0
130,Teollisuuskatu,2.0
133,Paavalinpuisto,2.0
141,Intiankatu,1.0
142,Koskelantie,2.0
144,Käpyläntie,1.0
146,Pohjolanaukio,1.0
147,Käpylä station,1.0
150,Töölönlahden puisto,1.0
161,Eteläesplanadi,0.0
162,Leppäsuonaukio,0.0
200,West Terminal,0.0
201,Länsisatamankuja,0.0
202,Merihaka,2.0
203,Opastinsilta,2.0
204,A.I. Virtasen aukio,1.0
222,Huovitie,1.0
225,Maunula,1.0
227,Kylävoudintie,1.0
228,Kustaankartano,1.0
229,Käskynhaltijantie,1.0
230,Mäkitorpantie,1.0
232,Oulunkylä Station,1.0
234,Otto Brandtin tie,1.0
236,Hernepellontie,1.0
237,Aulangontie,1.0
290,Vallilan varikko,2.0
294,Postipuisto,1.0
