,Station ID,Station,Longitude,Latitude,# of Docks,City,s_min,s_max,level,s_plus,s_minus,selfSufficient,vehicleLoc,vehicle
0,14,Senate Square,24.9526414004662,60.16912779191179,22.0,Helsinki,1.0,17.0,0.0,1.0,0.0,False,,0
1,15,Ritarikatu,24.9555218601895,60.1710906797301,12.0,Helsinki,6.0,11.0,3.0,3.0,0.0,False,,0
2,17,Varsapuistikko,24.9494967766807,60.1730909028646,28.0,Helsinki,2.0,22.0,1.0,1.0,0.0,False,,0
3,18,Porthania,24.9493081473109,60.1696567475916,30.0,Helsinki,1.0,25.0,0.0,1.0,0.0,False,,0
4,20,Kaisaniemenpuisto,24.9433556359399,60.1732349001278,22.0,Helsinki,2.0,15.0,1.0,1.0,0.0,False,,0
5,24,Mannerheimintie,24.9394194995361,60.1690723919948,20.0,Helsinki,1.0,12.0,0.0,1.0,0.0,False,,0
6,27,Eerikinkatu,24.9366415937527,60.1677057096398,14.0,Helsinki,3.0,11.0,0.0,3.0,0.0,False,,0
7,29,Baana,24.9225706207902,60.16411737248711,16.0,Helsinki,3.0,10.0,13.0,0.0,3.0,False,,0
8,31,Maria Hospital,24.9227415692015,60.1683228179992,16.0,Helsinki,7.0,15.0,1.0,6.0,0.0,False,,0
9,32,Finnish Museum of Natural History,24.931897512143102,60.1713588986588,20.0,Helsinki,2.0,16.0,1.0,1.0,0.0,False,,0
10,33,Hanken School of Economics,24.923839759,60.171202903,16.0,Helsinki,6.0,15.0,3.0,3.0,0.0,False,,0
11,34,National Museum,24.9328983153441,60.173956898526,16.0,Helsinki,2.0,12.0,0.0,2.0,0.0,False,,0
12,62,Välimerenkatu,24.9162412896547,60.15929634149529,16.0,Helsinki,9.0,15.0,16.0,0.0,1.0,False,,0
13,65,Hernesaarenranta,24.9311978237832,60.1535144787873,40.0,Helsinki,1.0,36.0,40.0,0.0,4.0,False,,0
14,70,Sammonpuistikko,24.9224112000483,60.1731472920894,14.0,Helsinki,8.0,14.0,3.0,5.0,0.0,False,,0
15,65,,24.9311978237832,60.1535144787873,,,,,,,,True,,0
16,-2,,,,,,,,,,,False,,0
17,-1,,,,,,,,,,,False,,0
