Station ID,Station,vehicle
2,Laivasillankatu,0.0
4,Viiskulma,0.0
6,Hietalahdentori,0.0
7,Design Museum,0.0
11,Unioninkatu,1.0
14,Senate Square,0.0
15,Ritarikatu,0.0
17,Varsapuistikko,0.0
18,Porthania,0.0
23,Kiasma,0.0
25,Narinkka,0.0
26,Kamppi (M),1.0
27,Eerikinkatu,0.0
28,Lastenlehto,0.0
29,Baana,1.0
30,Itämerentori,0.0
31,Maria Hospital,1.0
32,Finnish Museum of Natural History,1.0
33,Hanken School of Economics,1.0
34,National Museum,0.0
35,Cygnaeuksenkatu,0.0
38,Töölöntori,1.0
42,Haapaniemenkatu,1.0
44,Sörnäinen (M),1.0
61,Länsisatamankatu,0.0
62,Välimerenkatu,0.0
63,Jätkäsaarenlaituri,0.0
64,Tyynenmerenkatu,0.0
65,Hernesaarenranta,0.0
66,Ehrenströmintie,0.0
67,Perämiehenkatu,0.0
69,Kalevankatu,1.0
70,Sammonpuistikko,0.0
72,Eteläinen Hesperiankatu,1.0
73,Kesäkatu,1.0
74,Rajasaarentie,1.0
75,Korjaamo,1.0
76,Olympic Stadium,1.0
77,Nordenskiöldinaukio,1.0
87,Kustaankatu,1.0
108,Radiokatu,2.0
110,Maistraatintori,2.0
111,Esterinportti,1.0
113,Pasila railway station,2.0
115,Venttiilikuja,1.0
116,Linnanmäki Amusement Park,1.0
120,Mäkelänkatu,1.0
121,Vilhonvuorenkatu,2.0
123,Näkinsilta,0.0
124,Isoisänsilta,2.0
130,Teollisuuskatu,1.0
132,Hollolantie,1.0
133,Paavalinpuisto,2.0
134,Haukilahdenkatu,2.0
136,Sofianlehdonkatu,2.0
142,Koskelantie,2.0
145,Pohjolankatu,2.0
146,Pohjolanaukio,2.0
149,Toinen linja,0.0
202,Merihaka,0.0
205,Ilmala Station,2.0
229,Käskynhaltijantie,2.0
232,Oulunkylä Station,2.0
233,Kirkkoherrantie,2.0
243,Mustikkamaa,2.0
293,Korkeasaari,2.0
