Station ID,Station,s_min,s_max,level,selfSufficient
1,Kaivopuisto,8.0,28.0,1.0,False
2,Laivasillankatu,4.0,10.0,1.0,False
3,Kapteeninpuistikko,11.0,16.0,9.0,False
4,Viiskulma,8.0,11.0,0.0,False
5,Sepänkatu,10.0,30.0,12.0,True
6,Hietalahdentori,9.0,22.0,7.0,False
7,Design Museum,5.0,9.0,2.0,False
8,Vanha kirkkopuisto,2.0,14.0,1.0,False
9,Erottajan aukio,2.0,30.0,2.0,True
10,Kasarmitori,4.0,23.0,3.0,False
11,Unioninkatu,1.0,5.0,2.0,True
12,Kanavaranta,3.0,25.0,1.0,False
14,Senate Square,2.0,15.0,0.0,False
15,Ritarikatu,8.0,10.0,3.0,False
16,Liisanpuistikko,9.0,15.0,0.0,False
17,Varsapuistikko,4.0,20.0,4.0,True
18,Porthania,2.0,24.0,0.0,False
19,Central Railway Station/East,0.0,2.0,1.0,True
20,Kaisaniemenpuisto,3.0,13.0,1.0,False
21,Töölönlahdenkatu,1.0,30.0,0.0,False
22,Central Railway Station/West,0.0,0.0,0.0,True
23,Kiasma,2.0,22.0,0.0,False
24,Mannerheimintie,2.0,10.0,0.0,False
25,Narinkka,1.0,29.0,32.0,False
26,Kamppi (M),4.0,24.0,5.0,True
27,Eerikinkatu,4.0,9.0,8.0,True
28,Lastenlehto,7.0,14.0,1.0,False
29,Baana,5.0,7.0,16.0,False
30,Itämerentori,7.0,31.0,1.0,False
31,Maria Hospital,10.0,14.0,7.0,False
32,Finnish Museum of Natural History,3.0,14.0,1.0,False
33,Hanken School of Economics,8.0,13.0,5.0,False
34,National Museum,3.0,11.0,0.0,False
35,Cygnaeuksenkatu,6.0,14.0,4.0,False
47,Market Square,1.0,17.0,1.0,True
48,Mastokatu,4.0,19.0,13.0,True
49,Annankatu,4.0,11.0,6.0,True
62,Välimerenkatu,12.0,14.0,8.0,False
63,Jätkäsaarenlaituri,8.0,20.0,20.0,True
64,Tyynenmerenkatu,9.0,16.0,20.0,False
65,Hernesaarenranta,2.0,34.0,40.0,False
66,Ehrenströmintie,3.0,17.0,2.0,False
67,Perämiehenkatu,8.0,14.0,13.0,True
68,Albertinkatu,10.0,19.0,20.0,False
69,Kalevankatu,5.0,11.0,1.0,False
70,Sammonpuistikko,10.0,13.0,3.0,False
150,Töölönlahden puisto,2.0,13.0,3.0,True
161,Eteläesplanadi,2.0,20.0,3.0,True
162,Leppäsuonaukio,6.0,24.0,1.0,False
200,West Terminal,2.0,20.0,13.0,True
