Station ID,Station,vehicle
2,Laivasillankatu,0.0
3,Kapteeninpuistikko,0.0
4,Viiskulma,0.0
5,Sepänkatu,0.0
7,Design Museum,0.0
11,Unioninkatu,0.0
13,Merisotilaantori,2.0
14,Senate Square,2.0
15,Ritarikatu,2.0
16,Liisanpuistikko,2.0
17,Varsapuistikko,0.0
19,Central Railway Station/East,2.0
22,Central Railway Station/West,0.0
24,Mannerheimintie,0.0
26,Kamppi (M),0.0
27,Eerikinkatu,0.0
28,Lastenlehto,0.0
29,Baana,0.0
32,Finnish Museum of Natural History,0.0
33,Hanken School of Economics,0.0
34,National Museum,0.0
35,Cygnaeuksenkatu,0.0
36,Apollonkatu,0.0
40,Hakaniemi (M),2.0
41,Ympyrätalo,2.0
43,Karhupuisto,2.0
46,Diakoniapuisto,2.0
47,Market Square,2.0
49,Annankatu,0.0
60,Cable Factory,0.0
61,Länsisatamankatu,0.0
62,Välimerenkatu,0.0
63,Jätkäsaarenlaituri,0.0
67,Perämiehenkatu,0.0
68,Albertinkatu,0.0
69,Kalevankatu,0.0
70,Sammonpuistikko,0.0
71,Hietaniemenkatu,0.0
74,Rajasaarentie,2.0
77,Nordenskiöldinaukio,2.0
78,Messeniuksenkatu,2.0
82,Töölöntulli,2.0
85,Jalavatie,1.0
86,Kuusitie,1.0
87,Kustaankatu,2.0
88,Kiskontie,1.0
107,Tenholantie,1.0
111,Esterinportti,2.0
112,Rautatieläisenkatu,2.0
114,Ratapihantie,2.0
115,Venttiilikuja,2.0
117,Brahen puistikko,2.0
120,Mäkelänkatu,2.0
123,Näkinsilta,2.0
124,Isoisänsilta,2.0
126,Kalasatama (M),2.0
127,Teurastamo,2.0
128,Päijänteentie,1.0
129,Pernajantie,1.0
132,Hollolantie,2.0
133,Paavalinpuisto,1.0
134,Haukilahdenkatu,1.0
136,Sofianlehdonkatu,1.0
140,Verkatehtaanpuisto,1.0
141,Intiankatu,1.0
145,Pohjolankatu,1.0
146,Pohjolanaukio,1.0
147,Käpylä station,1.0
149,Toinen linja,2.0
161,Eteläesplanadi,0.0
162,Leppäsuonaukio,0.0
201,Länsisatamankuja,0.0
202,Merihaka,2.0
204,A.I. Virtasen aukio,1.0
222,Huovitie,1.0
224,Vesakkotie,1.0
230,Mäkitorpantie,1.0
233,Kirkkoherrantie,1.0
236,Hernepellontie,1.0
237,Aulangontie,1.0
290,Vallilan varikko,1.0
293,Korkeasaari,2.0
403,Verkkosaari,1.0
404,Sompasaari,2.0
