Station ID,Station,vehicle
6,Hietalahdentori,0.0
11,Unioninkatu,0.0
15,Ritarikatu,2.0
19,Central Railway Station/East,2.0
21,Töölönlahdenkatu,2.0
22,Central Railway Station/West,2.0
24,Mannerheimintie,2.0
26,Kamppi (M),0.0
28,Lastenlehto,0.0
31,Maria Hospital,0.0
32,Finnish Museum of Natural History,2.0
33,Hanken School of Economics,2.0
34,National Museum,2.0
35,Cygnaeuksenkatu,2.0
37,Töölönkatu,2.0
38,Töölöntori,2.0
40,Hakaniemi (M),2.0
42,Haapaniemenkatu,2.0
43,Karhupuisto,2.0
44,Sörnäinen (M),2.0
45,Brahen kenttä,2.0
46,Diakoniapuisto,2.0
61,Länsisatamankatu,0.0
62,Välimerenkatu,0.0
63,Jätkäsaarenlaituri,0.0
64,Tyynenmerenkatu,0.0
65,Hernesaarenranta,0.0
67,Perämiehenkatu,0.0
70,Sammonpuistikko,2.0
72,Eteläinen Hesperiankatu,0.0
73,Kesäkatu,0.0
75,Korjaamo,2.0
77,Nordenskiöldinaukio,0.0
78,Messeniuksenkatu,0.0
81,Stenbäckinkatu,0.0
82,Töölöntulli,0.0
85,Jalavatie,0.0
86,Kuusitie,0.0
87,Kustaankatu,2.0
88,Kiskontie,1.0
108,Radiokatu,1.0
109,Hertanmäenkatu,1.0
110,Maistraatintori,0.0
111,Esterinportti,0.0
113,Pasila railway station,0.0
114,Ratapihantie,0.0
115,Venttiilikuja,2.0
116,Linnanmäki Amusement Park,0.0
117,Brahen puistikko,2.0
118,Fleminginkatu,2.0
119,Gebhardinaukio,2.0
120,Mäkelänkatu,2.0
122,Lintulahdenkatu,2.0
123,Näkinsilta,2.0
124,Isoisänsilta,1.0
125,Arielinkatu,1.0
128,Päijänteentie,2.0
129,Pernajantie,2.0
130,Teollisuuskatu,2.0
132,Hollolantie,2.0
133,Paavalinpuisto,1.0
134,Haukilahdenkatu,1.0
138,Arabiankatu,1.0
140,Verkatehtaanpuisto,1.0
141,Intiankatu,1.0
144,Käpyläntie,1.0
145,Pohjolankatu,1.0
146,Pohjolanaukio,1.0
147,Käpylä station,1.0
148,Juhana Herttuan tie,1.0
149,Toinen linja,2.0
150,Töölönlahden puisto,2.0
161,Eteläesplanadi,2.0
162,Leppäsuonaukio,0.0
201,Länsisatamankuja,0.0
202,Merihaka,2.0
204,A.I. Virtasen aukio,1.0
222,Huovitie,1.0
227,Kylävoudintie,1.0
230,Mäkitorpantie,1.0
233,Kirkkoherrantie,1.0
237,Aulangontie,1.0
243,Mustikkamaa,1.0
290,Vallilan varikko,1.0
294,Postipuisto,1.0
