Station ID,Station,vehicle
1,Kaivopuisto,0.0
2,Laivasillankatu,0.0
4,Viiskulma,0.0
11,Unioninkatu,2.0
16,Liisanpuistikko,2.0
17,Varsapuistikko,2.0
20,Kaisaniemenpuisto,0.0
24,Mannerheimintie,2.0
25,Narinkka,2.0
26,Kamppi (M),2.0
27,Eerikinkatu,2.0
28,Lastenlehto,0.0
32,Finnish Museum of Natural History,0.0
33,Hanken School of Economics,2.0
34,National Museum,2.0
36,Apollonkatu,0.0
37,Töölönkatu,0.0
42,Haapaniemenkatu,0.0
44,Sörnäinen (M),2.0
46,Diakoniapuisto,1.0
49,Annankatu,0.0
61,Länsisatamankatu,0.0
65,Hernesaarenranta,0.0
67,Perämiehenkatu,0.0
68,Albertinkatu,0.0
69,Kalevankatu,0.0
70,Sammonpuistikko,2.0
71,Hietaniemenkatu,0.0
75,Korjaamo,0.0
78,Messeniuksenkatu,0.0
87,Kustaankatu,0.0
108,Radiokatu,1.0
109,Hertanmäenkatu,1.0
110,Maistraatintori,1.0
111,Esterinportti,1.0
112,Rautatieläisenkatu,1.0
113,Pasila railway station,1.0
114,Ratapihantie,1.0
115,Venttiilikuja,2.0
116,Linnanmäki Amusement Park,2.0
117,Brahen puistikko,0.0
118,Fleminginkatu,0.0
119,Gebhardinaukio,2.0
120,Mäkelänkatu,2.0
121,Vilhonvuorenkatu,2.0
122,Lintulahdenkatu,2.0
124,Isoisänsilta,2.0
125,Arielinkatu,2.0
128,Päijänteentie,2.0
129,Pernajantie,2.0
130,Teollisuuskatu,2.0
133,Paavalinpuisto,2.0
134,Haukilahdenkatu,2.0
136,Sofianlehdonkatu,1.0
138,Arabiankatu,1.0
148,Juhana Herttuan tie,1.0
162,Leppäsuonaukio,2.0
202,Merihaka,0.0
203,Opastinsilta,1.0
204,A.I. Virtasen aukio,1.0
205,Ilmala Station,1.0
232,Oulunkylä Station,1.0
233,Kirkkoherrantie,1.0
234,Otto Brandtin tie,1.0
235,Katariina Saksilaisen katu,1.0
237,Aulangontie,1.0
290,Vallilan varikko,2.0
