Station ID,Station,vehicle
1,Kaivopuisto,0.0
2,Laivasillankatu,0.0
3,Kapteeninpuistikko,0.0
4,Viiskulma,2.0
7,Design Museum,0.0
8,Vanha kirkkopuisto,0.0
9,Erottajan aukio,0.0
14,Senate Square,0.0
16,Liisanpuistikko,0.0
20,Kaisaniemenpuisto,0.0
25,Narinkka,0.0
26,Kamppi (M),0.0
27,Eerikinkatu,0.0
28,Lastenlehto,0.0
29,Baana,2.0
31,Maria Hospital,2.0
32,Finnish Museum of Natural History,0.0
33,Hanken School of Economics,2.0
34,National Museum,0.0
35,Cygnaeuksenkatu,2.0
37,Töölönkatu,2.0
38,Töölöntori,0.0
40,Hakaniemi (M),0.0
42,Haapaniemenkatu,2.0
43,Karhupuisto,1.0
46,Diakoniapuisto,2.0
49,Annankatu,0.0
60,Cable Factory,2.0
62,Välimerenkatu,2.0
64,Tyynenmerenkatu,2.0
65,Hernesaarenranta,0.0
67,Perämiehenkatu,2.0
68,Albertinkatu,0.0
69,Kalevankatu,0.0
70,Sammonpuistikko,0.0
74,Rajasaarentie,2.0
75,Korjaamo,2.0
79,Swimming Stadium,2.0
108,Radiokatu,1.0
113,Pasila railway station,2.0
114,Ratapihantie,2.0
115,Venttiilikuja,2.0
116,Linnanmäki Amusement Park,2.0
117,Brahen puistikko,2.0
122,Lintulahdenkatu,1.0
125,Arielinkatu,1.0
128,Päijänteentie,1.0
135,Velodrominrinne,1.0
136,Sofianlehdonkatu,1.0
140,Verkatehtaanpuisto,1.0
144,Käpyläntie,1.0
145,Pohjolankatu,1.0
149,Toinen linja,0.0
162,Leppäsuonaukio,2.0
202,Merihaka,0.0
205,Ilmala Station,1.0
227,Kylävoudintie,1.0
229,Käskynhaltijantie,1.0
230,Mäkitorpantie,1.0
243,Mustikkamaa,1.0
290,Vallilan varikko,1.0
292,Koskelan varikko,1.0
