Station ID,Station,vehicle
4,Viiskulma,0.0
6,Hietalahdentori,0.0
7,Design Museum,0.0
8,Vanha kirkkopuisto,0.0
14,Senate Square,2.0
16,Liisanpuistikko,2.0
17,Varsapuistikko,2.0
20,Kaisaniemenpuisto,2.0
24,Mannerheimintie,0.0
27,Eerikinkatu,0.0
28,Lastenlehto,0.0
29,Baana,0.0
31,Maria Hospital,0.0
32,Finnish Museum of Natural History,0.0
33,Hanken School of Economics,0.0
35,Cygnaeuksenkatu,0.0
37,Töölönkatu,0.0
38,Töölöntori,0.0
39,Opera,0.0
40,Hakaniemi (M),2.0
41,Ympyrätalo,2.0
46,Diakoniapuisto,2.0
62,Välimerenkatu,0.0
64,Tyynenmerenkatu,0.0
65,Hernesaarenranta,0.0
68,Albertinkatu,0.0
71,Hietaniemenkatu,0.0
73,Kesäkatu,0.0
74,Rajasaarentie,0.0
76,Olympic Stadium,0.0
79,Swimming Stadium,2.0
88,Kiskontie,1.0
108,Radiokatu,1.0
109,Hertanmäenkatu,1.0
110,Maistraatintori,1.0
112,Rautatieläisenkatu,1.0
113,Pasila railway station,2.0
114,Ratapihantie,2.0
115,Venttiilikuja,2.0
116,Linnanmäki Amusement Park,2.0
117,Brahen puistikko,2.0
119,Gebhardinaukio,2.0
120,Mäkelänkatu,2.0
121,Vilhonvuorenkatu,2.0
122,Lintulahdenkatu,2.0
124,Isoisänsilta,2.0
125,Arielinkatu,2.0
135,Velodrominrinne,1.0
140,Verkatehtaanpuisto,1.0
141,Intiankatu,1.0
162,Leppäsuonaukio,0.0
202,Merihaka,2.0
203,Opastinsilta,1.0
204,A.I. Virtasen aukio,1.0
205,Ilmala Station,1.0
227,Kylävoudintie,1.0
229,Käskynhaltijantie,1.0
230,Mäkitorpantie,1.0
232,Oulunkylä Station,1.0
234,Otto Brandtin tie,1.0
236,Hernepellontie,1.0
293,Korkeasaari,2.0
294,Postipuisto,1.0
