Station ID,Station,s_min,s_max,level,selfSufficient
1,Kaivopuisto,2.0,22.0,26.0,False
2,Laivasillankatu,4.0,9.0,8.0,True
3,Kapteeninpuistikko,4.0,12.0,4.0,True
4,Viiskulma,3.0,9.0,0.0,False
5,Sepänkatu,3.0,27.0,0.0,False
6,Hietalahdentori,2.0,17.0,0.0,False
7,Design Museum,4.0,10.0,0.0,False
8,Vanha kirkkopuisto,8.0,23.0,14.0,True
9,Erottajan aukio,10.0,43.0,27.0,True
10,Kasarmitori,6.0,26.0,11.0,True
11,Unioninkatu,8.0,19.0,22.0,False
12,Kanavaranta,6.0,31.0,19.0,True
13,Merisotilaantori,4.0,21.0,2.0,False
14,Senate Square,7.0,20.0,8.0,True
15,Ritarikatu,4.0,8.0,3.0,False
16,Liisanpuistikko,4.0,12.0,8.0,True
17,Varsapuistikko,8.0,27.0,11.0,True
18,Porthania,5.0,27.0,8.0,True
19,Central Railway Station/East,9.0,18.0,20.0,False
20,Kaisaniemenpuisto,4.0,18.0,5.0,True
21,Töölönlahdenkatu,1.0,37.0,22.0,True
22,Central Railway Station/West,4.0,12.0,16.0,False
23,Kiasma,7.0,28.0,18.0,True
24,Mannerheimintie,8.0,18.0,20.0,False
25,Narinkka,8.0,38.0,21.0,True
26,Kamppi (M),5.0,29.0,4.0,False
27,Eerikinkatu,6.0,12.0,10.0,True
28,Lastenlehto,5.0,13.0,5.0,True
29,Baana,9.0,16.0,14.0,True
30,Itämerentori,5.0,38.0,7.0,True
31,Maria Hospital,3.0,11.0,2.0,False
32,Finnish Museum of Natural History,5.0,17.0,1.0,False
33,Hanken School of Economics,4.0,12.0,3.0,False
34,National Museum,4.0,13.0,4.0,True
35,Cygnaeuksenkatu,4.0,12.0,1.0,False
36,Apollonkatu,3.0,15.0,2.0,False
37,Töölönkatu,3.0,13.0,1.0,False
38,Töölöntori,4.0,12.0,3.0,False
39,Opera,6.0,22.0,3.0,False
40,Hakaniemi (M),5.0,25.0,1.0,False
41,Ympyrätalo,3.0,31.0,2.0,False
42,Haapaniemenkatu,3.0,15.0,1.0,False
43,Karhupuisto,4.0,20.0,0.0,False
44,Sörnäinen (M),5.0,19.0,0.0,False
45,Brahen kenttä,3.0,15.0,1.0,False
46,Diakoniapuisto,4.0,12.0,0.0,False
47,Market Square,3.0,19.0,13.0,True
48,Mastokatu,4.0,19.0,11.0,True
49,Annankatu,7.0,14.0,2.0,False
59,Salmisaarenranta,13.0,28.0,28.0,True
60,Cable Factory,8.0,25.0,11.0,True
61,Länsisatamankatu,4.0,12.0,0.0,False
62,Välimerenkatu,4.0,12.0,3.0,False
63,Jätkäsaarenlaituri,5.0,20.0,2.0,False
64,Tyynenmerenkatu,3.0,14.0,8.0,True
65,Hernesaarenranta,4.0,35.0,40.0,False
66,Ehrenströmintie,3.0,16.0,6.0,True
67,Perämiehenkatu,5.0,13.0,1.0,False
68,Albertinkatu,5.0,17.0,2.0,False
69,Kalevankatu,5.0,13.0,2.0,False
70,Sammonpuistikko,4.0,10.0,2.0,False
71,Hietaniemenkatu,3.0,15.0,24.0,False
72,Eteläinen Hesperiankatu,3.0,12.0,12.0,True
73,Kesäkatu,4.0,10.0,8.0,True
74,Rajasaarentie,4.0,11.0,7.0,True
75,Korjaamo,4.0,16.0,4.0,True
76,Olympic Stadium,5.0,17.0,7.0,True
77,Nordenskiöldinaukio,4.0,12.0,1.0,False
78,Messeniuksenkatu,5.0,17.0,1.0,False
79,Swimming Stadium,3.0,14.0,16.0,False
80,Ice hall,6.0,20.0,6.0,True
81,Stenbäckinkatu,8.0,18.0,18.0,True
82,Töölöntulli,7.0,14.0,3.0,False
83,Meilahti Hospital,14.0,28.0,28.0,True
85,Jalavatie,4.0,12.0,1.0,False
86,Kuusitie,4.0,21.0,2.0,False
87,Kustaankatu,4.0,16.0,0.0,False
88,Kiskontie,4.0,17.0,7.0,True
107,Tenholantie,3.0,14.0,0.0,False
108,Radiokatu,2.0,8.0,12.0,False
109,Hertanmäenkatu,6.0,18.0,1.0,False
110,Maistraatintori,6.0,18.0,1.0,False
111,Esterinportti,6.0,18.0,2.0,False
112,Rautatieläisenkatu,7.0,20.0,22.0,False
113,Pasila railway station,11.0,40.0,12.0,True
114,Ratapihantie,4.0,17.0,1.0,False
115,Venttiilikuja,4.0,12.0,0.0,False
116,Linnanmäki Amusement Park,6.0,30.0,8.0,True
117,Brahen puistikko,4.0,8.0,0.0,False
118,Fleminginkatu,4.0,18.0,0.0,False
119,Gebhardinaukio,4.0,17.0,8.0,True
120,Mäkelänkatu,4.0,24.0,0.0,False
121,Vilhonvuorenkatu,2.0,10.0,8.0,True
122,Lintulahdenkatu,4.0,20.0,6.0,True
123,Näkinsilta,4.0,19.0,0.0,False
124,Isoisänsilta,0.0,7.0,7.0,True
125,Arielinkatu,3.0,10.0,4.0,True
126,Kalasatama (M),4.0,21.0,24.0,False
127,Teurastamo,8.0,29.0,22.0,True
128,Päijänteentie,4.0,11.0,0.0,False
129,Pernajantie,4.0,16.0,0.0,False
130,Teollisuuskatu,4.0,21.0,1.0,False
131,Elimäenkatu,12.0,24.0,4.0,False
132,Hollolantie,3.0,8.0,1.0,False
133,Paavalinpuisto,4.0,18.0,0.0,False
134,Haukilahdenkatu,3.0,21.0,15.0,True
135,Velodrominrinne,4.0,8.0,5.0,True
136,Sofianlehdonkatu,2.0,7.0,1.0,False
137,Arabia Shopping Center,4.0,26.0,3.0,False
138,Arabiankatu,2.0,16.0,6.0,True
139,Kaironkatu,2.0,10.0,2.0,True
140,Verkatehtaanpuisto,4.0,10.0,11.0,False
141,Intiankatu,4.0,12.0,3.0,False
142,Koskelantie,4.0,10.0,8.0,True
144,Käpyläntie,4.0,11.0,1.0,False
145,Pohjolankatu,3.0,9.0,3.0,True
146,Pohjolanaukio,3.0,13.0,5.0,True
147,Käpylä station,5.0,12.0,3.0,False
148,Juhana Herttuan tie,2.0,10.0,1.0,False
149,Toinen linja,4.0,18.0,1.0,False
150,Töölönlahden puisto,5.0,21.0,12.0,True
161,Eteläesplanadi,8.0,32.0,34.0,False
162,Leppäsuonaukio,4.0,25.0,3.0,False
200,West Terminal,3.0,22.0,5.0,True
201,Länsisatamankuja,3.0,8.0,1.0,False
202,Merihaka,2.0,10.0,16.0,False
203,Opastinsilta,4.0,37.0,3.0,False
204,A.I. Virtasen aukio,4.0,21.0,4.0,True
205,Ilmala Station,5.0,14.0,1.0,False
222,Huovitie,4.0,10.0,8.0,True
224,Vesakkotie,2.0,8.0,5.0,True
225,Maunula,3.0,14.0,8.0,True
227,Kylävoudintie,3.0,11.0,1.0,False
228,Kustaankartano,3.0,18.0,3.0,True
229,Käskynhaltijantie,3.0,16.0,2.0,False
230,Mäkitorpantie,3.0,16.0,0.0,False
232,Oulunkylä Station,4.0,11.0,1.0,False
233,Kirkkoherrantie,2.0,7.0,0.0,False
234,Otto Brandtin tie,2.0,14.0,9.0,True
235,Katariina Saksilaisen katu,3.0,12.0,0.0,False
236,Hernepellontie,2.0,10.0,2.0,True
237,Aulangontie,3.0,13.0,1.0,False
243,Mustikkamaa,3.0,15.0,2.0,False
290,Vallilan varikko,4.0,17.0,1.0,False
292,Koskelan varikko,3.0,13.0,2.0,False
293,Korkeasaari,6.0,15.0,12.0,True
294,Postipuisto,3.0,15.0,13.0,True
402,Välimerenkatu,0.0,16.0,1.0,True
403,Verkkosaari,1.0,19.0,14.0,True
404,Sompasaari,1.0,13.0,4.0,True
