Station ID,Station,vehicle
2,Laivasillankatu,0.0
4,Viiskulma,0.0
10,Kasarmitori,0.0
11,Unioninkatu,0.0
12,Kanavaranta,0.0
18,Porthania,1.0
19,Central Railway Station/East,1.0
20,Kaisaniemenpuisto,1.0
21,Töölönlahdenkatu,0.0
22,Central Railway Station/West,1.0
24,Mannerheimintie,0.0
25,Narinkka,0.0
27,Eerikinkatu,0.0
28,Lastenlehto,0.0
29,Baana,0.0
30,Itämerentori,0.0
31,Maria Hospital,0.0
32,Finnish Museum of Natural History,0.0
33,Hanken School of Economics,0.0
38,Töölöntori,1.0
41,Ympyrätalo,1.0
44,Sörnäinen (M),1.0
45,Brahen kenttä,1.0
46,Diakoniapuisto,1.0
48,Mastokatu,0.0
49,Annankatu,0.0
62,Välimerenkatu,0.0
63,Jätkäsaarenlaituri,0.0
64,Tyynenmerenkatu,0.0
65,Hernesaarenranta,0.0
67,Perämiehenkatu,0.0
69,Kalevankatu,0.0
70,Sammonpuistikko,0.0
71,Hietaniemenkatu,0.0
72,Eteläinen Hesperiankatu,0.0
79,Swimming Stadium,1.0
85,Jalavatie,2.0
87,Kustaankatu,1.0
107,Tenholantie,2.0
109,Hertanmäenkatu,2.0
110,Maistraatintori,2.0
111,Esterinportti,2.0
113,Pasila railway station,2.0
114,Ratapihantie,2.0
116,Linnanmäki Amusement Park,2.0
120,Mäkelänkatu,1.0
124,Isoisänsilta,1.0
126,Kalasatama (M),1.0
128,Päijänteentie,1.0
129,Pernajantie,1.0
130,Teollisuuskatu,1.0
132,Hollolantie,1.0
133,Paavalinpuisto,1.0
134,Haukilahdenkatu,2.0
135,Velodrominrinne,2.0
140,Verkatehtaanpuisto,2.0
141,Intiankatu,2.0
142,Koskelantie,2.0
144,Käpyläntie,2.0
149,Toinen linja,1.0
150,Töölönlahden puisto,1.0
161,Eteläesplanadi,0.0
202,Merihaka,1.0
203,Opastinsilta,1.0
204,A.I. Virtasen aukio,2.0
224,Vesakkotie,2.0
229,Käskynhaltijantie,2.0
236,Hernepellontie,2.0
290,Vallilan varikko,1.0
293,Korkeasaari,1.0
