Station ID,Station,s_min,s_max,level,selfSufficient
1,Kaivopuisto,6.0,29.0,27.0,True
2,Laivasillankatu,3.0,11.0,1.0,False
3,Kapteeninpuistikko,8.0,16.0,6.0,False
4,Viiskulma,5.0,13.0,14.0,False
5,Sepänkatu,6.0,32.0,12.0,True
6,Hietalahdentori,6.0,24.0,14.0,True
7,Design Museum,3.0,12.0,3.0,True
8,Vanha kirkkopuisto,1.0,17.0,0.0,False
9,Erottajan aukio,1.0,33.0,0.0,False
10,Kasarmitori,2.0,25.0,15.0,True
11,Unioninkatu,1.0,8.0,1.0,True
12,Kanavaranta,1.0,28.0,20.0,True
14,Senate Square,1.0,17.0,0.0,False
15,Ritarikatu,6.0,12.0,7.0,True
16,Liisanpuistikko,6.0,16.0,4.0,False
17,Varsapuistikko,2.0,23.0,3.0,True
18,Porthania,1.0,26.0,2.0,True
19,Central Railway Station/East,0.0,7.0,1.0,True
20,Kaisaniemenpuisto,1.0,16.0,0.0,False
21,Töölönlahdenkatu,0.0,36.0,2.0,True
22,Central Railway Station/West,0.0,4.0,0.0,True
23,Kiasma,1.0,24.0,1.0,True
24,Mannerheimintie,1.0,12.0,1.0,True
25,Narinkka,0.0,32.0,0.0,True
26,Kamppi (M),1.0,28.0,0.0,False
27,Eerikinkatu,2.0,11.0,0.0,False
28,Lastenlehto,5.0,15.0,1.0,False
29,Baana,3.0,10.0,10.0,True
30,Itämerentori,3.0,37.0,13.0,True
31,Maria Hospital,6.0,16.0,5.0,False
32,Finnish Museum of Natural History,2.0,16.0,1.0,False
33,Hanken School of Economics,5.0,15.0,3.0,False
34,National Museum,2.0,12.0,0.0,False
35,Cygnaeuksenkatu,4.0,15.0,4.0,True
47,Market Square,1.0,18.0,8.0,True
48,Mastokatu,3.0,20.0,9.0,True
49,Annankatu,3.0,13.0,0.0,False
62,Välimerenkatu,9.0,15.0,16.0,False
63,Jätkäsaarenlaituri,5.0,22.0,8.0,True
64,Tyynenmerenkatu,5.0,19.0,20.0,False
65,Hernesaarenranta,1.0,36.0,40.0,False
66,Ehrenströmintie,2.0,18.0,2.0,True
67,Perämiehenkatu,5.0,16.0,16.0,True
68,Albertinkatu,7.0,20.0,7.0,True
69,Kalevankatu,4.0,13.0,0.0,False
70,Sammonpuistikko,7.0,14.0,2.0,False
150,Töölönlahden puisto,1.0,16.0,4.0,True
161,Eteläesplanadi,1.0,23.0,4.0,True
162,Leppäsuonaukio,3.0,26.0,1.0,False
200,West Terminal,1.0,21.0,19.0,True
