Station ID,Station,s_min,s_max,level,selfSufficient
1,Kaivopuisto,7.0,29.0,22.0,True
2,Laivasillankatu,4.0,10.0,2.0,False
3,Kapteeninpuistikko,9.0,16.0,10.0,True
4,Viiskulma,6.0,13.0,4.0,False
5,Sepänkatu,8.0,32.0,10.0,True
6,Hietalahdentori,7.0,23.0,8.0,True
7,Design Museum,4.0,11.0,4.0,True
8,Vanha kirkkopuisto,1.0,16.0,7.0,True
9,Erottajan aukio,1.0,32.0,2.0,True
10,Kasarmitori,3.0,24.0,4.0,True
11,Unioninkatu,1.0,7.0,22.0,False
12,Kanavaranta,1.0,27.0,7.0,True
14,Senate Square,1.0,16.0,1.0,True
15,Ritarikatu,7.0,11.0,11.0,True
16,Liisanpuistikko,7.0,16.0,6.0,False
17,Varsapuistikko,3.0,22.0,0.0,False
18,Porthania,2.0,25.0,3.0,True
19,Central Railway Station/East,0.0,5.0,0.0,True
20,Kaisaniemenpuisto,2.0,15.0,0.0,False
21,Töölönlahdenkatu,0.0,34.0,1.0,True
22,Central Railway Station/West,0.0,2.0,1.0,True
23,Kiasma,1.0,23.0,1.0,True
24,Mannerheimintie,1.0,11.0,0.0,False
25,Narinkka,1.0,31.0,0.0,False
26,Kamppi (M),2.0,26.0,0.0,False
27,Eerikinkatu,3.0,10.0,1.0,False
28,Lastenlehto,5.0,15.0,0.0,False
29,Baana,4.0,9.0,7.0,True
30,Itämerentori,5.0,35.0,10.0,True
31,Maria Hospital,8.0,15.0,12.0,True
32,Finnish Museum of Natural History,2.0,15.0,0.0,False
33,Hanken School of Economics,6.0,14.0,2.0,False
34,National Museum,2.0,12.0,1.0,False
35,Cygnaeuksenkatu,5.0,15.0,8.0,True
47,Market Square,1.0,18.0,6.0,True
48,Mastokatu,4.0,20.0,15.0,True
49,Annankatu,3.0,12.0,2.0,False
62,Välimerenkatu,10.0,15.0,11.0,True
63,Jätkäsaarenlaituri,6.0,21.0,9.0,True
64,Tyynenmerenkatu,7.0,18.0,17.0,True
65,Hernesaarenranta,2.0,35.0,40.0,False
66,Ehrenströmintie,2.0,17.0,13.0,True
67,Perämiehenkatu,7.0,15.0,6.0,False
68,Albertinkatu,8.0,20.0,7.0,False
69,Kalevankatu,4.0,12.0,2.0,False
70,Sammonpuistikko,8.0,13.0,7.0,False
150,Töölönlahden puisto,2.0,15.0,4.0,True
161,Eteläesplanadi,1.0,22.0,5.0,True
162,Leppäsuonaukio,4.0,25.0,2.0,False
200,West Terminal,2.0,21.0,8.0,True
