Station ID,Station,vehicle
2,Laivasillankatu,0.0
8,Vanha kirkkopuisto,2.0
9,Erottajan aukio,0.0
10,Kasarmitori,0.0
12,Kanavaranta,0.0
13,Merisotilaantori,0.0
14,Senate Square,0.0
15,Ritarikatu,0.0
16,Liisanpuistikko,0.0
17,Varsapuistikko,0.0
18,Porthania,0.0
20,Kaisaniemenpuisto,0.0
23,Kiasma,2.0
24,Mannerheimintie,2.0
25,Narinkka,2.0
26,Kamppi (M),2.0
27,Eerikinkatu,2.0
28,Lastenlehto,2.0
32,Finnish Museum of Natural History,2.0
33,Hanken School of Economics,2.0
34,National Museum,2.0
35,Cygnaeuksenkatu,0.0
37,Töölönkatu,1.0
41,Ympyrätalo,2.0
61,Länsisatamankatu,2.0
62,Välimerenkatu,2.0
67,Perämiehenkatu,2.0
69,Kalevankatu,2.0
70,Sammonpuistikko,2.0
71,Hietaniemenkatu,2.0
72,Eteläinen Hesperiankatu,2.0
73,Kesäkatu,2.0
75,Korjaamo,2.0
76,Olympic Stadium,2.0
78,Messeniuksenkatu,2.0
79,Swimming Stadium,2.0
81,Stenbäckinkatu,2.0
87,Kustaankatu,0.0
109,Hertanmäenkatu,1.0
111,Esterinportti,1.0
113,Pasila railway station,1.0
114,Ratapihantie,1.0
115,Venttiilikuja,1.0
116,Linnanmäki Amusement Park,0.0
117,Brahen puistikko,0.0
120,Mäkelänkatu,0.0
121,Vilhonvuorenkatu,0.0
122,Lintulahdenkatu,0.0
130,Teollisuuskatu,0.0
132,Hollolantie,0.0
134,Haukilahdenkatu,1.0
142,Koskelantie,1.0
145,Pohjolankatu,1.0
147,Käpylä station,1.0
149,Toinen linja,1.0
150,Töölönlahden puisto,2.0
162,Leppäsuonaukio,2.0
202,Merihaka,0.0
203,Opastinsilta,1.0
222,Huovitie,1.0
224,Vesakkotie,1.0
229,Käskynhaltijantie,1.0
290,Vallilan varikko,0.0
293,Korkeasaari,0.0
