Station ID,Station,vehicle
2,Laivasillankatu,0.0
3,Kapteeninpuistikko,0.0
4,Viiskulma,0.0
5,Sepänkatu,0.0
6,Hietalahdentori,0.0
7,Design Museum,0.0
8,Vanha kirkkopuisto,0.0
9,Erottajan aukio,0.0
11,Unioninkatu,0.0
15,Ritarikatu,0.0
16,Liisanpuistikko,1.0
19,Central Railway Station/East,1.0
21,Töölönlahdenkatu,1.0
22,Central Railway Station/West,0.0
24,Mannerheimintie,0.0
26,Kamppi (M),0.0
31,Maria Hospital,0.0
33,Hanken School of Economics,0.0
35,Cygnaeuksenkatu,0.0
36,Apollonkatu,0.0
37,Töölönkatu,0.0
38,Töölöntori,0.0
39,Opera,1.0
40,Hakaniemi (M),1.0
42,Haapaniemenkatu,1.0
43,Karhupuisto,1.0
44,Sörnäinen (M),1.0
45,Brahen kenttä,1.0
46,Diakoniapuisto,1.0
47,Market Square,0.0
48,Mastokatu,0.0
49,Annankatu,0.0
61,Länsisatamankatu,0.0
62,Välimerenkatu,0.0
64,Tyynenmerenkatu,0.0
65,Hernesaarenranta,0.0
67,Perämiehenkatu,0.0
68,Albertinkatu,0.0
69,Kalevankatu,0.0
70,Sammonpuistikko,0.0
72,Eteläinen Hesperiankatu,0.0
73,Kesäkatu,0.0
74,Rajasaarentie,0.0
75,Korjaamo,0.0
76,Olympic Stadium,0.0
77,Nordenskiöldinaukio,0.0
78,Messeniuksenkatu,1.0
80,Ice hall,1.0
81,Stenbäckinkatu,2.0
82,Töölöntulli,2.0
86,Kuusitie,2.0
87,Kustaankatu,1.0
107,Tenholantie,2.0
109,Hertanmäenkatu,2.0
110,Maistraatintori,1.0
111,Esterinportti,1.0
112,Rautatieläisenkatu,2.0
113,Pasila railway station,2.0
114,Ratapihantie,1.0
115,Venttiilikuja,1.0
116,Linnanmäki Amusement Park,1.0
117,Brahen puistikko,1.0
118,Fleminginkatu,1.0
119,Gebhardinaukio,1.0
120,Mäkelänkatu,1.0
121,Vilhonvuorenkatu,1.0
122,Lintulahdenkatu,1.0
123,Näkinsilta,1.0
127,Teurastamo,1.0
128,Päijänteentie,1.0
129,Pernajantie,1.0
130,Teollisuuskatu,1.0
131,Elimäenkatu,2.0
132,Hollolantie,1.0
133,Paavalinpuisto,1.0
134,Haukilahdenkatu,1.0
135,Velodrominrinne,2.0
137,Arabia Shopping Center,2.0
140,Verkatehtaanpuisto,2.0
144,Käpyläntie,2.0
145,Pohjolankatu,2.0
146,Pohjolanaukio,2.0
147,Käpylä station,2.0
149,Toinen linja,0.0
161,Eteläesplanadi,0.0
162,Leppäsuonaukio,0.0
201,Länsisatamankuja,0.0
202,Merihaka,1.0
205,Ilmala Station,2.0
222,Huovitie,2.0
224,Vesakkotie,2.0
225,Maunula,2.0
229,Käskynhaltijantie,2.0
230,Mäkitorpantie,2.0
232,Oulunkylä Station,2.0
233,Kirkkoherrantie,2.0
234,Otto Brandtin tie,2.0
237,Aulangontie,2.0
290,Vallilan varikko,1.0
293,Korkeasaari,1.0
