Station ID,Station,vehicle
2,Laivasillankatu,0.0
3,Kapteeninpuistikko,0.0
4,Viiskulma,0.0
5,Sepänkatu,0.0
6,Hietalahdentori,0.0
7,Design Museum,0.0
8,Vanha kirkkopuisto,0.0
11,Unioninkatu,0.0
13,Merisotilaantori,0.0
17,Varsapuistikko,0.0
19,Central Railway Station/East,2.0
22,Central Railway Station/West,2.0
24,Mannerheimintie,2.0
25,Narinkka,2.0
26,Kamppi (M),0.0
28,Lastenlehto,0.0
29,Baana,0.0
30,Itämerentori,0.0
31,Maria Hospital,0.0
32,Finnish Museum of Natural History,0.0
33,Hanken School of Economics,0.0
34,National Museum,0.0
35,Cygnaeuksenkatu,0.0
36,Apollonkatu,2.0
37,Töölönkatu,2.0
38,Töölöntori,0.0
39,Opera,2.0
40,Hakaniemi (M),2.0
41,Ympyrätalo,2.0
42,Haapaniemenkatu,2.0
43,Karhupuisto,2.0
44,Sörnäinen (M),2.0
45,Brahen kenttä,2.0
46,Diakoniapuisto,2.0
49,Annankatu,0.0
61,Länsisatamankatu,0.0
62,Välimerenkatu,0.0
63,Jätkäsaarenlaituri,0.0
65,Hernesaarenranta,0.0
66,Ehrenströmintie,0.0
67,Perämiehenkatu,0.0
68,Albertinkatu,0.0
69,Kalevankatu,0.0
70,Sammonpuistikko,2.0
71,Hietaniemenkatu,0.0
72,Eteläinen Hesperiankatu,2.0
73,Kesäkatu,2.0
75,Korjaamo,2.0
76,Olympic Stadium,0.0
77,Nordenskiöldinaukio,2.0
78,Messeniuksenkatu,2.0
79,Swimming Stadium,2.0
80,Ice hall,2.0
82,Töölöntulli,2.0
85,Jalavatie,1.0
87,Kustaankatu,2.0
88,Kiskontie,1.0
107,Tenholantie,1.0
109,Hertanmäenkatu,1.0
110,Maistraatintori,2.0
112,Rautatieläisenkatu,2.0
113,Pasila railway station,1.0
114,Ratapihantie,2.0
115,Venttiilikuja,2.0
117,Brahen puistikko,2.0
118,Fleminginkatu,2.0
119,Gebhardinaukio,2.0
120,Mäkelänkatu,2.0
121,Vilhonvuorenkatu,2.0
122,Lintulahdenkatu,2.0
123,Näkinsilta,0.0
124,Isoisänsilta,1.0
126,Kalasatama (M),1.0
128,Päijänteentie,1.0
129,Pernajantie,2.0
130,Teollisuuskatu,2.0
132,Hollolantie,2.0
133,Paavalinpuisto,1.0
134,Haukilahdenkatu,1.0
135,Velodrominrinne,2.0
139,Kaironkatu,1.0
141,Intiankatu,1.0
142,Koskelantie,1.0
144,Käpyläntie,1.0
145,Pohjolankatu,1.0
147,Käpylä station,1.0
148,Juhana Herttuan tie,1.0
149,Toinen linja,0.0
161,Eteläesplanadi,0.0
162,Leppäsuonaukio,0.0
201,Länsisatamankuja,0.0
202,Merihaka,2.0
203,Opastinsilta,2.0
204,A.I. Virtasen aukio,1.0
205,Ilmala Station,1.0
222,Huovitie,1.0
227,Kylävoudintie,1.0
228,Kustaankartano,1.0
229,Käskynhaltijantie,1.0
233,Kirkkoherrantie,1.0
236,Hernepellontie,1.0
237,Aulangontie,1.0
290,Vallilan varikko,1.0
292,Koskelan varikko,1.0
293,Korkeasaari,1.0
