Station ID,Station,Longitude,Latitude,# of Docks,City,s_min,s_max
1,Kaivopuisto,24.950211471403104,60.155369615074,30,Helsinki,6.0,29.0
2,Laivasillankatu,24.956509771585804,60.1609890692806,12,Helsinki,3.0,10.0
3,Kapteeninpuistikko,24.9450181631667,60.1581769029949,16,Helsinki,9.0,16.0
4,Viiskulma,24.9417758006418,60.1609858921764,14,Helsinki,6.0,13.0
5,Sepänkatu,24.9362853002102,60.157948291819,32,Helsinki,7.0,32.0
6,Hietalahdentori,24.9296476311878,60.1622283898112,24,Helsinki,7.0,24.0
7,Design Museum,24.9459599998806,60.16310319165999,14,Helsinki,3.0,11.0
8,Vanha kirkkopuisto,24.9391145483706,60.1653538465664,24,Helsinki,1.0,17.0
9,Erottajan aukio,24.944188760167304,60.1668948711694,44,Helsinki,1.0,32.0
10,Kasarmitori,24.9494728793816,60.165017172741,28,Helsinki,3.0,25.0
11,Unioninkatu,24.9510226994024,60.1674572921424,22,Helsinki,1.0,8.0
12,Kanavaranta,24.9584922784237,60.1684959040351,34,Helsinki,1.0,28.0
14,Senate Square,24.9526414004662,60.16912779191179,22,Helsinki,1.0,17.0
15,Ritarikatu,24.9555218601895,60.1710906797301,12,Helsinki,6.0,11.0
16,Liisanpuistikko,24.961374699762803,60.1741821916183,16,Helsinki,7.0,16.0
17,Varsapuistikko,24.9494967766807,60.1730909028646,28,Helsinki,2.0,22.0
18,Porthania,24.9493081473109,60.1696567475916,30,Helsinki,1.0,25.0
19,Central Railway Station/East,24.942526799246203,60.1708235917114,20,Helsinki,0.0,6.0
20,Kaisaniemenpuisto,24.9433556359399,60.1732349001278,22,Helsinki,2.0,15.0
21,Töölönlahdenkatu,24.9393079129956,60.172190683752696,44,Helsinki,0.0,35.0
22,Central Railway Station/West,24.9397601000633,60.1706060919732,16,Helsinki,0.0,3.0
23,Kiasma,24.937427900074898,60.1712578922641,30,Helsinki,1.0,24.0
24,Mannerheimintie,24.9394194995361,60.1690723919948,20,Helsinki,1.0,12.0
25,Narinkka,24.9346069826026,60.1700420279259,40,Helsinki,0.0,31.0
26,Kamppi (M),24.9305373005364,60.168609492141,32,Helsinki,2.0,27.0
27,Eerikinkatu,24.9366415937527,60.1677057096398,14,Helsinki,3.0,11.0
28,Lastenlehto,24.9270362659605,60.1657993006509,16,Helsinki,5.0,15.0
29,Baana,24.9225706207902,60.16411737248711,16,Helsinki,3.0,10.0
30,Itämerentori,24.9145164996449,60.1635308918594,40,Helsinki,4.0,36.0
31,Maria Hospital,24.9227415692015,60.1683228179992,16,Helsinki,7.0,15.0
32,Finnish Museum of Natural History,24.931897512143102,60.1713588986588,20,Helsinki,2.0,16.0
33,Hanken School of Economics,24.923839759,60.171202903,16,Helsinki,6.0,15.0
34,National Museum,24.9328983153441,60.173956898526,16,Helsinki,2.0,12.0
35,Cygnaeuksenkatu,24.9282685568484,60.1741008716685,16,Helsinki,5.0,15.0
47,Market Square,24.953568541114503,60.16528334270971,22,Helsinki,1.0,18.0
48,Mastokatu,24.967466816529303,60.1647464973781,22,Helsinki,3.0,20.0
49,Annankatu,24.9417379007102,60.16347492451629,16,Helsinki,3.0,13.0
62,Välimerenkatu,24.9162412896547,60.15929634149529,16,Helsinki,9.0,15.0
63,Jätkäsaarenlaituri,24.9214896008223,60.1619310923994,24,Helsinki,5.0,22.0
64,Tyynenmerenkatu,24.9203435489542,60.1568077714966,20,Helsinki,6.0,18.0
65,Hernesaarenranta,24.9311978237832,60.1535144787873,40,Helsinki,1.0,36.0
66,Ehrenströmintie,24.959212267726496,60.1552178275344,20,Helsinki,2.0,18.0
67,Perämiehenkatu,24.934065685135497,60.160087584362,16,Helsinki,6.0,15.0
68,Albertinkatu,24.9368050446952,60.1618574790512,20,Helsinki,8.0,20.0
69,Kalevankatu,24.9314215703651,60.1656801793916,16,Helsinki,4.0,13.0
70,Sammonpuistikko,24.9224112000483,60.1731472920894,14,Helsinki,8.0,14.0
150,Töölönlahden puisto,24.9350784201451,60.1748578219656,24,Helsinki,1.0,16.0
161,Eteläesplanadi,24.9471504600595,60.16719984563029,34,Helsinki,1.0,23.0
162,Leppäsuonaukio,24.9265784464228,60.16958461515921,28,Helsinki,4.0,25.0
200,West Terminal,24.9152135431213,60.150473032049895,24,Helsinki,2.0,21.0
