Station ID,Station,vehicle
1,Kaivopuisto,0.0
2,Laivasillankatu,0.0
7,Design Museum,0.0
9,Erottajan aukio,0.0
17,Varsapuistikko,0.0
18,Porthania,0.0
20,Kaisaniemenpuisto,0.0
23,Kiasma,0.0
25,Narinkka,0.0
27,Eerikinkatu,0.0
29,Baana,0.0
30,Itämerentori,0.0
31,Maria Hospital,0.0
32,Finnish Museum of Natural History,0.0
34,National Museum,0.0
35,Cygnaeuksenkatu,0.0
37,Töölönkatu,1.0
42,Haapaniemenkatu,1.0
46,Diakoniapuisto,1.0
61,Länsisatamankatu,0.0
62,Välimerenkatu,0.0
64,Tyynenmerenkatu,0.0
67,Perämiehenkatu,0.0
69,Kalevankatu,0.0
71,Hietaniemenkatu,0.0
72,Eteläinen Hesperiankatu,0.0
73,Kesäkatu,0.0
74,Rajasaarentie,1.0
78,Messeniuksenkatu,1.0
80,Ice hall,1.0
81,Stenbäckinkatu,1.0
87,Kustaankatu,1.0
108,Radiokatu,2.0
111,Esterinportti,1.0
112,Rautatieläisenkatu,2.0
113,Pasila railway station,1.0
116,Linnanmäki Amusement Park,1.0
117,Brahen puistikko,1.0
118,Fleminginkatu,1.0
119,Gebhardinaukio,1.0
120,Mäkelänkatu,2.0
121,Vilhonvuorenkatu,1.0
122,Lintulahdenkatu,1.0
124,Isoisänsilta,2.0
125,Arielinkatu,2.0
130,Teollisuuskatu,1.0
133,Paavalinpuisto,1.0
134,Haukilahdenkatu,2.0
135,Velodrominrinne,1.0
136,Sofianlehdonkatu,2.0
145,Pohjolankatu,2.0
162,Leppäsuonaukio,0.0
202,Merihaka,1.0
203,Opastinsilta,1.0
205,Ilmala Station,2.0
222,Huovitie,2.0
233,Kirkkoherrantie,2.0
234,Otto Brandtin tie,2.0
243,Mustikkamaa,2.0
293,Korkeasaari,2.0
