Station ID,Station,vehicle
2,Laivasillankatu,0.0
7,Design Museum,0.0
8,Vanha kirkkopuisto,1.0
9,Erottajan aukio,0.0
10,Kasarmitori,0.0
13,Merisotilaantori,0.0
14,Senate Square,0.0
15,Ritarikatu,0.0
17,Varsapuistikko,0.0
20,Kaisaniemenpuisto,0.0
27,Eerikinkatu,0.0
29,Baana,1.0
30,Itämerentori,1.0
33,Hanken School of Economics,1.0
34,National Museum,0.0
35,Cygnaeuksenkatu,1.0
37,Töölönkatu,0.0
42,Haapaniemenkatu,0.0
44,Sörnäinen (M),2.0
46,Diakoniapuisto,0.0
61,Länsisatamankatu,0.0
62,Välimerenkatu,0.0
63,Jätkäsaarenlaituri,1.0
64,Tyynenmerenkatu,0.0
65,Hernesaarenranta,0.0
66,Ehrenströmintie,0.0
67,Perämiehenkatu,0.0
69,Kalevankatu,1.0
70,Sammonpuistikko,1.0
71,Hietaniemenkatu,1.0
73,Kesäkatu,0.0
74,Rajasaarentie,1.0
75,Korjaamo,1.0
76,Olympic Stadium,0.0
78,Messeniuksenkatu,1.0
81,Stenbäckinkatu,1.0
82,Töölöntulli,1.0
87,Kustaankatu,1.0
108,Radiokatu,2.0
111,Esterinportti,1.0
112,Rautatieläisenkatu,2.0
113,Pasila railway station,2.0
114,Ratapihantie,1.0
116,Linnanmäki Amusement Park,1.0
117,Brahen puistikko,1.0
118,Fleminginkatu,1.0
120,Mäkelänkatu,2.0
125,Arielinkatu,2.0
129,Pernajantie,2.0
133,Paavalinpuisto,2.0
137,Arabia Shopping Center,2.0
140,Verkatehtaanpuisto,2.0
141,Intiankatu,2.0
146,Pohjolanaukio,2.0
147,Käpylä station,2.0
229,Käskynhaltijantie,2.0
232,Oulunkylä Station,2.0
233,Kirkkoherrantie,2.0
294,Postipuisto,2.0
