Station ID,Station,s_min,s_max,level,selfSufficient
1,Kaivopuisto,2.0,22.0,5.0,True
2,Laivasillankatu,4.0,9.0,1.0,False
3,Kapteeninpuistikko,4.0,12.0,1.0,False
4,Viiskulma,3.0,9.0,1.0,False
5,Sepänkatu,3.0,27.0,3.0,True
6,Hietalahdentori,2.0,17.0,5.0,True
7,Design Museum,4.0,10.0,2.0,False
8,Vanha kirkkopuisto,8.0,23.0,9.0,True
9,Erottajan aukio,10.0,43.0,22.0,True
10,Kasarmitori,6.0,26.0,13.0,True
11,Unioninkatu,8.0,19.0,22.0,False
12,Kanavaranta,6.0,31.0,24.0,True
14,Senate Square,7.0,20.0,7.0,True
15,Ritarikatu,4.0,8.0,4.0,True
16,Liisanpuistikko,4.0,12.0,5.0,True
17,Varsapuistikko,8.0,27.0,11.0,True
18,Porthania,5.0,27.0,22.0,True
19,Central Railway Station/East,9.0,18.0,20.0,False
20,Kaisaniemenpuisto,4.0,18.0,14.0,True
21,Töölönlahdenkatu,1.0,37.0,21.0,True
22,Central Railway Station/West,4.0,12.0,16.0,False
23,Kiasma,7.0,28.0,17.0,True
24,Mannerheimintie,8.0,18.0,20.0,False
25,Narinkka,8.0,38.0,16.0,True
26,Kamppi (M),5.0,29.0,1.0,False
27,Eerikinkatu,6.0,12.0,2.0,False
28,Lastenlehto,5.0,13.0,0.0,False
29,Baana,9.0,16.0,1.0,False
30,Itämerentori,5.0,38.0,14.0,True
31,Maria Hospital,3.0,11.0,1.0,False
32,Finnish Museum of Natural History,5.0,17.0,8.0,True
33,Hanken School of Economics,4.0,12.0,0.0,False
34,National Museum,4.0,13.0,5.0,True
35,Cygnaeuksenkatu,4.0,12.0,6.0,True
47,Market Square,3.0,19.0,6.0,True
48,Mastokatu,4.0,19.0,3.0,False
49,Annankatu,7.0,14.0,0.0,False
62,Välimerenkatu,4.0,12.0,2.0,False
63,Jätkäsaarenlaituri,5.0,20.0,3.0,False
64,Tyynenmerenkatu,3.0,14.0,10.0,True
65,Hernesaarenranta,4.0,35.0,40.0,False
66,Ehrenströmintie,3.0,16.0,7.0,True
67,Perämiehenkatu,5.0,13.0,2.0,False
68,Albertinkatu,5.0,17.0,3.0,False
69,Kalevankatu,5.0,13.0,3.0,False
70,Sammonpuistikko,4.0,10.0,1.0,False
150,Töölönlahden puisto,5.0,21.0,24.0,False
161,Eteläesplanadi,8.0,32.0,34.0,False
162,Leppäsuonaukio,4.0,25.0,2.0,False
200,West Terminal,3.0,22.0,9.0,True
