Station ID,Station,Longitude,Latitude,# of Docks,City,s_min,s_max
40,Hakaniemi (M),24.9522579797678,60.1780816347447,28,Helsinki,2.0,22.0
41,Ympyrätalo,24.949399999845,60.1808629918822,36,Helsinki,10.0,34.0
42,Haapaniemenkatu,24.9551952848707,60.1831601093456,18,Helsinki,7.0,17.0
43,Karhupuisto,24.9526762998375,60.18428329212,24,Helsinki,4.0,23.0
44,Sörnäinen (M),24.960554135,60.187712639,22,Helsinki,7.0,20.0
45,Brahen kenttä,24.9508131529517,60.186790288331096,20,Helsinki,11.0,19.0
46,Diakoniapuisto,24.9435409604638,60.1869040535812,16,Helsinki,6.0,15.0
87,Kustaankatu,24.9559903941467,60.188207304286095,20,Helsinki,7.0,19.0
112,Rautatieläisenkatu,24.9332721002285,60.201438192003096,22,Helsinki,1.0,13.0
113,Pasila railway station,24.932799079033,60.1982108580315,40,Helsinki,4.0,36.0
114,Ratapihantie,24.9366332542312,60.1964208157658,20,Helsinki,2.0,16.0
115,Venttiilikuja,24.941522560234297,60.1941915204257,16,Helsinki,7.0,16.0
116,Linnanmäki Amusement Park,24.9401592995968,60.19114109235579,32,Helsinki,7.0,31.0
117,Brahen puistikko,24.9481257001872,60.1896657985504,12,Helsinki,7.0,11.0
118,Fleminginkatu,24.952206700403,60.1895253157117,22,Helsinki,10.0,21.0
119,Gebhardinaukio,24.9550767908172,60.1911804709255,20,Helsinki,3.0,16.0
120,Mäkelänkatu,24.9633904702172,60.1896359907606,28,Helsinki,5.0,27.0
121,Vilhonvuorenkatu,24.967854123638,60.1864553029206,16,Helsinki,7.0,14.0
122,Lintulahdenkatu,24.962063375375,60.1836809119419,24,Helsinki,8.0,23.0
123,Näkinsilta,24.9554449266327,60.179750209022,24,Helsinki,11.0,24.0
127,Teurastamo,24.9711566503401,60.1896945837642,30,Helsinki,1.0,21.0
128,Päijänteentie,24.9642238002852,60.19205759199221,14,Helsinki,5.0,13.0
129,Pernajantie,24.957978236519494,60.19422760265229,20,Helsinki,7.0,19.0
130,Teollisuuskatu,24.948752399772896,60.1934740103444,24,Helsinki,1.0,19.0
131,Elimäenkatu,24.947629045158703,60.1962195625714,24,Helsinki,0.0,12.0
132,Hollolantie,24.9546058093258,60.195886188617294,12,Helsinki,4.0,10.0
133,Paavalinpuisto,24.9614401060515,60.1974798068335,22,Helsinki,7.0,22.0
134,Haukilahdenkatu,24.967623823415604,60.1985338962222,26,Helsinki,8.0,25.0
135,Velodrominrinne,24.9441912064593,60.2010022969661,12,Helsinki,3.0,8.0
136,Sofianlehdonkatu,24.9513635992833,60.2032720921502,12,Helsinki,4.0,11.0
137,Arabia Shopping Center,24.9665718240118,60.202769631895706,30,Helsinki,6.0,29.0
149,Toinen linja,24.9445685112105,60.1830009926511,22,Helsinki,8.0,22.0
202,Merihaka,24.9585285446676,60.17807491055329,16,Helsinki,9.0,15.0
203,Opastinsilta,24.9381525773313,60.1992657652357,40,Helsinki,4.0,37.0
290,Vallilan varikko,24.962823142214894,60.19524594602329,20,Helsinki,6.0,19.0
