Station ID,Station,vehicle
4,Viiskulma,0.0
6,Hietalahdentori,0.0
8,Vanha kirkkopuisto,0.0
9,Erottajan aukio,0.0
11,Unioninkatu,0.0
14,Senate Square,2.0
17,Varsapuistikko,2.0
18,Porthania,0.0
20,Kaisaniemenpuisto,0.0
23,Kiasma,0.0
24,Mannerheimintie,0.0
26,Kamppi (M),0.0
27,Eerikinkatu,0.0
29,Baana,0.0
31,Maria Hospital,0.0
33,Hanken School of Economics,0.0
34,National Museum,0.0
37,Töölönkatu,0.0
38,Töölöntori,0.0
43,Karhupuisto,2.0
45,Brahen kenttä,2.0
46,Diakoniapuisto,2.0
60,Cable Factory,0.0
61,Länsisatamankatu,0.0
62,Välimerenkatu,0.0
64,Tyynenmerenkatu,0.0
69,Kalevankatu,0.0
70,Sammonpuistikko,0.0
71,Hietaniemenkatu,0.0
72,Eteläinen Hesperiankatu,0.0
73,Kesäkatu,0.0
74,Rajasaarentie,1.0
79,Swimming Stadium,2.0
80,Ice hall,2.0
81,Stenbäckinkatu,1.0
86,Kuusitie,1.0
87,Kustaankatu,2.0
107,Tenholantie,1.0
109,Hertanmäenkatu,1.0
112,Rautatieläisenkatu,1.0
113,Pasila railway station,1.0
115,Venttiilikuja,2.0
116,Linnanmäki Amusement Park,1.0
117,Brahen puistikko,2.0
118,Fleminginkatu,2.0
120,Mäkelänkatu,2.0
121,Vilhonvuorenkatu,2.0
124,Isoisänsilta,2.0
129,Pernajantie,1.0
133,Paavalinpuisto,1.0
135,Velodrominrinne,1.0
137,Arabia Shopping Center,2.0
142,Koskelantie,1.0
146,Pohjolanaukio,1.0
147,Käpylä station,1.0
149,Toinen linja,2.0
162,Leppäsuonaukio,0.0
205,Ilmala Station,1.0
230,Mäkitorpantie,1.0
233,Kirkkoherrantie,1.0
235,Katariina Saksilaisen katu,1.0
243,Mustikkamaa,2.0
290,Vallilan varikko,2.0
293,Korkeasaari,2.0
