,Station ID,Station,Longitude,Latitude,# of Docks,City,s_min,s_max,level,s_plus,s_minus,selfSufficient,vehicleLoc,vehicle,ord,load
0,137,Arabia Shopping Center,24.9665718240118,60.202769631895706,30,Helsinki,6.0,29.0,30.0,0.0,1.0,False,,0,0,24.0
1,133,Paavalinpuisto,24.9614401060515,60.1974798068335,22,Helsinki,7.0,22.0,4.0,3.0,0.0,False,,0,1,21.0
2,129,Pernajantie,24.95797823651949,60.19422760265229,20,Helsinki,7.0,19.0,4.0,3.0,0.0,False,,0,2,18.0
3,120,Mäkelänkatu,24.9633904702172,60.1896359907606,28,Helsinki,5.0,27.0,1.0,4.0,0.0,False,,0,3,14.0
4,44,Sörnäinen (M),24.960554135,60.187712639,22,Helsinki,7.0,20.0,2.0,5.0,0.0,False,,0,4,9.0
5,87,Kustaankatu,24.9559903941467,60.188207304286095,20,Helsinki,7.0,19.0,3.0,4.0,0.0,False,,0,5,5.0
6,118,Fleminginkatu,24.952206700403,60.1895253157117,22,Helsinki,10.0,21.0,8.0,2.0,0.0,False,,0,6,3.0
7,117,Brahen puistikko,24.9481257001872,60.1896657985504,12,Helsinki,7.0,11.0,5.0,2.0,0.0,False,,0,7,1.0
8,42,Haapaniemenkatu,24.9551952848707,60.1831601093456,18,Helsinki,7.0,17.0,6.0,1.0,0.0,False,,0,8,0.0
9,41,Ympyrätalo,24.949399999845,60.1808629918822,36,Helsinki,10.0,34.0,32.0,0.0,0.0,True,,0,9,15.0
10,46,Diakoniapuisto,24.9435409604638,60.1869040535812,16,Helsinki,6.0,15.0,1.0,5.0,0.0,False,,0,10,10.0
11,116,Linnanmäki Amusement Park,24.9401592995968,60.19114109235579,32,Helsinki,7.0,31.0,3.0,4.0,0.0,False,,0,11,6.0
12,114,Ratapihantie,24.9366332542312,60.1964208157658,20,Helsinki,2.0,16.0,0.0,2.0,0.0,False,,0,12,4.0
13,113,Pasila railway station,24.932799079033,60.1982108580315,40,Helsinki,4.0,36.0,1.0,3.0,0.0,False,,0,13,1.0
14,112,Rautatieläisenkatu,24.9332721002285,60.201438192003096,22,Helsinki,1.0,13.0,0.0,1.0,0.0,False,,0,14,0.0
