Station ID,Station,vehicle
1,Kaivopuisto,0.0
2,Laivasillankatu,0.0
8,Vanha kirkkopuisto,0.0
11,Unioninkatu,0.0
12,Kanavaranta,1.0
17,Varsapuistikko,0.0
18,Porthania,0.0
19,Central Railway Station/East,1.0
20,Kaisaniemenpuisto,1.0
21,Töölönlahdenkatu,0.0
22,Central Railway Station/West,1.0
24,Mannerheimintie,0.0
27,Eerikinkatu,0.0
29,Baana,0.0
36,Apollonkatu,0.0
38,Töölöntori,0.0
41,Ympyrätalo,1.0
42,Haapaniemenkatu,1.0
43,Karhupuisto,1.0
44,Sörnäinen (M),1.0
45,Brahen kenttä,0.0
47,Market Square,0.0
65,Hernesaarenranta,0.0
69,Kalevankatu,0.0
70,Sammonpuistikko,0.0
72,Eteläinen Hesperiankatu,0.0
73,Kesäkatu,0.0
77,Nordenskiöldinaukio,0.0
78,Messeniuksenkatu,0.0
81,Stenbäckinkatu,0.0
85,Jalavatie,2.0
86,Kuusitie,2.0
87,Kustaankatu,1.0
88,Kiskontie,2.0
108,Radiokatu,2.0
110,Maistraatintori,2.0
113,Pasila railway station,1.0
115,Venttiilikuja,1.0
117,Brahen puistikko,2.0
119,Gebhardinaukio,1.0
120,Mäkelänkatu,1.0
121,Vilhonvuorenkatu,2.0
124,Isoisänsilta,1.0
125,Arielinkatu,1.0
126,Kalasatama (M),1.0
128,Päijänteentie,1.0
132,Hollolantie,1.0
137,Arabia Shopping Center,2.0
140,Verkatehtaanpuisto,2.0
142,Koskelantie,2.0
145,Pohjolankatu,2.0
147,Käpylä station,2.0
148,Juhana Herttuan tie,2.0
150,Töölönlahden puisto,1.0
161,Eteläesplanadi,1.0
162,Leppäsuonaukio,0.0
203,Opastinsilta,1.0
204,A.I. Virtasen aukio,2.0
205,Ilmala Station,2.0
222,Huovitie,2.0
227,Kylävoudintie,2.0
230,Mäkitorpantie,2.0
290,Vallilan varikko,1.0
292,Koskelan varikko,2.0
293,Korkeasaari,1.0
