Station ID,Station,vehicle
2,Laivasillankatu,0.0
4,Viiskulma,0.0
6,Hietalahdentori,0.0
7,Design Museum,0.0
9,Erottajan aukio,0.0
10,Kasarmitori,1.0
14,Senate Square,1.0
15,Ritarikatu,1.0
17,Varsapuistikko,1.0
18,Porthania,1.0
20,Kaisaniemenpuisto,0.0
24,Mannerheimintie,0.0
25,Narinkka,0.0
26,Kamppi (M),0.0
27,Eerikinkatu,1.0
28,Lastenlehto,0.0
29,Baana,0.0
33,Hanken School of Economics,0.0
42,Haapaniemenkatu,0.0
46,Diakoniapuisto,0.0
49,Annankatu,1.0
60,Cable Factory,0.0
68,Albertinkatu,0.0
71,Hietaniemenkatu,0.0
72,Eteläinen Hesperiankatu,0.0
73,Kesäkatu,0.0
74,Rajasaarentie,0.0
76,Olympic Stadium,1.0
85,Jalavatie,2.0
88,Kiskontie,2.0
107,Tenholantie,2.0
108,Radiokatu,2.0
111,Esterinportti,2.0
113,Pasila railway station,1.0
114,Ratapihantie,2.0
115,Venttiilikuja,1.0
116,Linnanmäki Amusement Park,1.0
118,Fleminginkatu,0.0
119,Gebhardinaukio,1.0
120,Mäkelänkatu,1.0
122,Lintulahdenkatu,0.0
124,Isoisänsilta,1.0
125,Arielinkatu,1.0
128,Päijänteentie,1.0
134,Haukilahdenkatu,1.0
135,Velodrominrinne,1.0
137,Arabia Shopping Center,1.0
140,Verkatehtaanpuisto,2.0
142,Koskelantie,2.0
149,Toinen linja,0.0
150,Töölönlahden puisto,0.0
202,Merihaka,1.0
203,Opastinsilta,2.0
205,Ilmala Station,2.0
222,Huovitie,2.0
224,Vesakkotie,2.0
225,Maunula,2.0
227,Kylävoudintie,2.0
229,Käskynhaltijantie,2.0
230,Mäkitorpantie,2.0
232,Oulunkylä Station,2.0
235,Katariina Saksilaisen katu,2.0
236,Hernepellontie,2.0
292,Koskelan varikko,2.0
294,Postipuisto,2.0
