Station ID,Station,vehicle
1,Kaivopuisto,0.0
2,Laivasillankatu,0.0
3,Kapteeninpuistikko,0.0
4,Viiskulma,0.0
5,Sepänkatu,0.0
7,Design Museum,0.0
8,Vanha kirkkopuisto,0.0
11,Unioninkatu,2.0
15,Ritarikatu,0.0
17,Varsapuistikko,2.0
19,Central Railway Station/East,2.0
22,Central Railway Station/West,0.0
24,Mannerheimintie,0.0
27,Eerikinkatu,0.0
28,Lastenlehto,0.0
33,Hanken School of Economics,0.0
34,National Museum,0.0
35,Cygnaeuksenkatu,0.0
37,Töölönkatu,0.0
38,Töölöntori,0.0
39,Opera,0.0
41,Ympyrätalo,2.0
42,Haapaniemenkatu,2.0
43,Karhupuisto,2.0
44,Sörnäinen (M),2.0
45,Brahen kenttä,2.0
46,Diakoniapuisto,2.0
49,Annankatu,0.0
62,Välimerenkatu,0.0
63,Jätkäsaarenlaituri,0.0
65,Hernesaarenranta,0.0
67,Perämiehenkatu,0.0
69,Kalevankatu,0.0
70,Sammonpuistikko,0.0
71,Hietaniemenkatu,0.0
72,Eteläinen Hesperiankatu,0.0
73,Kesäkatu,0.0
74,Rajasaarentie,0.0
75,Korjaamo,0.0
76,Olympic Stadium,0.0
77,Nordenskiöldinaukio,0.0
78,Messeniuksenkatu,2.0
80,Ice hall,1.0
82,Töölöntulli,1.0
85,Jalavatie,1.0
86,Kuusitie,1.0
87,Kustaankatu,2.0
88,Kiskontie,1.0
107,Tenholantie,1.0
108,Radiokatu,1.0
110,Maistraatintori,1.0
111,Esterinportti,1.0
112,Rautatieläisenkatu,1.0
113,Pasila railway station,1.0
114,Ratapihantie,2.0
115,Venttiilikuja,2.0
117,Brahen puistikko,2.0
119,Gebhardinaukio,2.0
123,Näkinsilta,2.0
124,Isoisänsilta,2.0
126,Kalasatama (M),2.0
128,Päijänteentie,2.0
129,Pernajantie,2.0
130,Teollisuuskatu,2.0
131,Elimäenkatu,2.0
132,Hollolantie,2.0
133,Paavalinpuisto,2.0
135,Velodrominrinne,1.0
136,Sofianlehdonkatu,1.0
138,Arabiankatu,1.0
139,Kaironkatu,1.0
141,Intiankatu,1.0
144,Käpyläntie,1.0
148,Juhana Herttuan tie,1.0
149,Toinen linja,2.0
161,Eteläesplanadi,2.0
162,Leppäsuonaukio,0.0
201,Länsisatamankuja,0.0
202,Merihaka,2.0
204,A.I. Virtasen aukio,2.0
205,Ilmala Station,1.0
224,Vesakkotie,1.0
229,Käskynhaltijantie,1.0
230,Mäkitorpantie,1.0
233,Kirkkoherrantie,1.0
235,Katariina Saksilaisen katu,1.0
243,Mustikkamaa,2.0
290,Vallilan varikko,2.0
292,Koskelan varikko,1.0
294,Postipuisto,1.0
404,Sompasaari,2.0
