Station ID,Station,vehicle
1,Kaivopuisto,0.0
2,Laivasillankatu,0.0
6,Hietalahdentori,0.0
7,Design Museum,0.0
10,Kasarmitori,0.0
13,Merisotilaantori,1.0
14,Senate Square,0.0
15,Ritarikatu,0.0
24,Mannerheimintie,0.0
25,Narinkka,0.0
26,Kamppi (M),0.0
27,Eerikinkatu,0.0
29,Baana,0.0
30,Itämerentori,0.0
32,Finnish Museum of Natural History,0.0
33,Hanken School of Economics,0.0
34,National Museum,0.0
35,Cygnaeuksenkatu,0.0
37,Töölönkatu,0.0
38,Töölöntori,2.0
43,Karhupuisto,2.0
44,Sörnäinen (M),1.0
45,Brahen kenttä,2.0
46,Diakoniapuisto,2.0
48,Mastokatu,1.0
64,Tyynenmerenkatu,0.0
65,Hernesaarenranta,0.0
67,Perämiehenkatu,0.0
69,Kalevankatu,0.0
70,Sammonpuistikko,0.0
72,Eteläinen Hesperiankatu,2.0
73,Kesäkatu,2.0
74,Rajasaarentie,2.0
77,Nordenskiöldinaukio,2.0
78,Messeniuksenkatu,2.0
79,Swimming Stadium,2.0
85,Jalavatie,2.0
107,Tenholantie,2.0
109,Hertanmäenkatu,2.0
113,Pasila railway station,2.0
117,Brahen puistikko,2.0
119,Gebhardinaukio,2.0
121,Vilhonvuorenkatu,1.0
122,Lintulahdenkatu,2.0
124,Isoisänsilta,1.0
127,Teurastamo,1.0
135,Velodrominrinne,2.0
136,Sofianlehdonkatu,2.0
140,Verkatehtaanpuisto,1.0
144,Käpyläntie,1.0
147,Käpylä station,1.0
162,Leppäsuonaukio,0.0
204,A.I. Virtasen aukio,1.0
205,Ilmala Station,2.0
222,Huovitie,1.0
224,Vesakkotie,1.0
237,Aulangontie,1.0
