Station ID,Station,s_min,s_max,level,selfSufficient
1,Kaivopuisto,7.0,29.0,20.0,True
2,Laivasillankatu,4.0,10.0,7.0,True
3,Kapteeninpuistikko,10.0,16.0,16.0,True
4,Viiskulma,7.0,12.0,1.0,False
5,Sepänkatu,9.0,31.0,5.0,False
6,Hietalahdentori,8.0,23.0,7.0,False
7,Design Museum,4.0,10.0,2.0,False
8,Vanha kirkkopuisto,2.0,15.0,1.0,False
9,Erottajan aukio,1.0,31.0,0.0,False
10,Kasarmitori,4.0,24.0,27.0,False
11,Unioninkatu,1.0,6.0,2.0,True
12,Kanavaranta,2.0,26.0,2.0,True
14,Senate Square,1.0,16.0,0.0,False
15,Ritarikatu,7.0,11.0,1.0,False
16,Liisanpuistikko,8.0,15.0,0.0,False
17,Varsapuistikko,3.0,21.0,3.0,True
18,Porthania,2.0,24.0,1.0,False
19,Central Railway Station/East,0.0,4.0,1.0,True
20,Kaisaniemenpuisto,3.0,14.0,0.0,False
21,Töölönlahdenkatu,0.0,32.0,1.0,True
22,Central Railway Station/West,0.0,1.0,0.0,True
23,Kiasma,1.0,22.0,0.0,False
24,Mannerheimintie,1.0,10.0,2.0,True
25,Narinkka,1.0,30.0,0.0,False
26,Kamppi (M),3.0,25.0,0.0,False
27,Eerikinkatu,3.0,10.0,1.0,False
28,Lastenlehto,6.0,14.0,9.0,True
29,Baana,4.0,8.0,10.0,False
30,Itämerentori,6.0,33.0,11.0,True
31,Maria Hospital,8.0,15.0,9.0,True
32,Finnish Museum of Natural History,3.0,15.0,0.0,False
33,Hanken School of Economics,7.0,14.0,0.0,False
34,National Museum,2.0,11.0,0.0,False
35,Cygnaeuksenkatu,5.0,15.0,0.0,False
47,Market Square,1.0,17.0,4.0,True
48,Mastokatu,4.0,19.0,16.0,True
49,Annankatu,4.0,12.0,2.0,False
62,Välimerenkatu,11.0,14.0,16.0,False
63,Jätkäsaarenlaituri,7.0,21.0,21.0,True
64,Tyynenmerenkatu,8.0,17.0,20.0,False
65,Hernesaarenranta,2.0,35.0,7.0,True
66,Ehrenströmintie,3.0,17.0,16.0,True
67,Perämiehenkatu,7.0,14.0,16.0,False
68,Albertinkatu,9.0,20.0,6.0,False
69,Kalevankatu,5.0,12.0,1.0,False
70,Sammonpuistikko,9.0,13.0,3.0,False
150,Töölönlahden puisto,2.0,14.0,0.0,False
161,Eteläesplanadi,1.0,21.0,1.0,True
162,Leppäsuonaukio,5.0,24.0,1.0,False
200,West Terminal,2.0,21.0,10.0,True
