Station ID,Station,vehicle
4,Viiskulma,0.0
7,Design Museum,1.0
9,Erottajan aukio,0.0
10,Kasarmitori,1.0
11,Unioninkatu,1.0
12,Kanavaranta,1.0
13,Merisotilaantori,1.0
15,Ritarikatu,1.0
16,Liisanpuistikko,1.0
17,Varsapuistikko,1.0
19,Central Railway Station/East,1.0
20,Kaisaniemenpuisto,1.0
22,Central Railway Station/West,1.0
24,Mannerheimintie,1.0
27,Eerikinkatu,1.0
28,Lastenlehto,0.0
29,Baana,0.0
31,Maria Hospital,0.0
33,Hanken School of Economics,0.0
35,Cygnaeuksenkatu,1.0
36,Apollonkatu,0.0
37,Töölönkatu,0.0
38,Töölöntori,0.0
39,Opera,0.0
40,Hakaniemi (M),1.0
41,Ympyrätalo,1.0
42,Haapaniemenkatu,1.0
43,Karhupuisto,1.0
44,Sörnäinen (M),1.0
45,Brahen kenttä,1.0
46,Diakoniapuisto,1.0
49,Annankatu,1.0
61,Länsisatamankatu,0.0
62,Välimerenkatu,0.0
63,Jätkäsaarenlaituri,0.0
65,Hernesaarenranta,0.0
67,Perämiehenkatu,0.0
68,Albertinkatu,0.0
70,Sammonpuistikko,0.0
71,Hietaniemenkatu,0.0
72,Eteläinen Hesperiankatu,0.0
73,Kesäkatu,0.0
74,Rajasaarentie,0.0
75,Korjaamo,0.0
78,Messeniuksenkatu,0.0
80,Ice hall,0.0
82,Töölöntulli,0.0
85,Jalavatie,0.0
86,Kuusitie,2.0
87,Kustaankatu,1.0
88,Kiskontie,2.0
107,Tenholantie,2.0
109,Hertanmäenkatu,2.0
110,Maistraatintori,0.0
111,Esterinportti,0.0
113,Pasila railway station,0.0
114,Ratapihantie,0.0
115,Venttiilikuja,1.0
116,Linnanmäki Amusement Park,1.0
117,Brahen puistikko,0.0
118,Fleminginkatu,1.0
119,Gebhardinaukio,1.0
120,Mäkelänkatu,1.0
121,Vilhonvuorenkatu,1.0
122,Lintulahdenkatu,1.0
123,Näkinsilta,1.0
126,Kalasatama (M),2.0
127,Teurastamo,2.0
128,Päijänteentie,2.0
129,Pernajantie,1.0
130,Teollisuuskatu,2.0
131,Elimäenkatu,2.0
132,Hollolantie,2.0
133,Paavalinpuisto,2.0
135,Velodrominrinne,2.0
136,Sofianlehdonkatu,2.0
137,Arabia Shopping Center,2.0
140,Verkatehtaanpuisto,2.0
141,Intiankatu,2.0
142,Koskelantie,2.0
144,Käpyläntie,2.0
146,Pohjolanaukio,2.0
147,Käpylä station,2.0
149,Toinen linja,1.0
150,Töölönlahden puisto,1.0
162,Leppäsuonaukio,1.0
201,Länsisatamankuja,0.0
202,Merihaka,1.0
203,Opastinsilta,2.0
204,A.I. Virtasen aukio,2.0
222,Huovitie,2.0
227,Kylävoudintie,2.0
228,Kustaankartano,2.0
229,Käskynhaltijantie,2.0
233,Kirkkoherrantie,2.0
234,Otto Brandtin tie,2.0
290,Vallilan varikko,1.0
292,Koskelan varikko,2.0
293,Korkeasaari,1.0
