Station ID,Station,vehicle
2,Laivasillankatu,0.0
5,Sepänkatu,0.0
7,Design Museum,0.0
11,Unioninkatu,1.0
12,Kanavaranta,1.0
14,Senate Square,1.0
15,Ritarikatu,1.0
16,Liisanpuistikko,0.0
19,Central Railway Station/East,1.0
21,Töölönlahdenkatu,2.0
22,Central Railway Station/West,1.0
24,Mannerheimintie,1.0
26,Kamppi (M),0.0
28,Lastenlehto,0.0
29,Baana,0.0
31,Maria Hospital,0.0
32,Finnish Museum of Natural History,0.0
33,Hanken School of Economics,0.0
35,Cygnaeuksenkatu,0.0
36,Apollonkatu,1.0
37,Töölönkatu,0.0
38,Töölöntori,0.0
39,Opera,0.0
40,Hakaniemi (M),1.0
41,Ympyrätalo,1.0
42,Haapaniemenkatu,1.0
43,Karhupuisto,2.0
44,Sörnäinen (M),1.0
46,Diakoniapuisto,1.0
48,Mastokatu,0.0
49,Annankatu,0.0
61,Länsisatamankatu,0.0
62,Välimerenkatu,0.0
63,Jätkäsaarenlaituri,0.0
64,Tyynenmerenkatu,0.0
65,Hernesaarenranta,0.0
67,Perämiehenkatu,0.0
68,Albertinkatu,0.0
70,Sammonpuistikko,0.0
71,Hietaniemenkatu,0.0
74,Rajasaarentie,0.0
75,Korjaamo,1.0
76,Olympic Stadium,0.0
77,Nordenskiöldinaukio,0.0
78,Messeniuksenkatu,0.0
79,Swimming Stadium,1.0
80,Ice hall,0.0
82,Töölöntulli,2.0
85,Jalavatie,2.0
86,Kuusitie,2.0
87,Kustaankatu,1.0
88,Kiskontie,2.0
107,Tenholantie,2.0
109,Hertanmäenkatu,2.0
110,Maistraatintori,2.0
111,Esterinportti,1.0
112,Rautatieläisenkatu,2.0
113,Pasila railway station,1.0
114,Ratapihantie,1.0
115,Venttiilikuja,1.0
117,Brahen puistikko,1.0
118,Fleminginkatu,1.0
119,Gebhardinaukio,1.0
120,Mäkelänkatu,1.0
121,Vilhonvuorenkatu,1.0
122,Lintulahdenkatu,1.0
123,Näkinsilta,1.0
124,Isoisänsilta,2.0
125,Arielinkatu,1.0
128,Päijänteentie,1.0
129,Pernajantie,1.0
130,Teollisuuskatu,1.0
131,Elimäenkatu,1.0
132,Hollolantie,1.0
133,Paavalinpuisto,1.0
136,Sofianlehdonkatu,1.0
142,Koskelantie,2.0
144,Käpyläntie,2.0
146,Pohjolanaukio,2.0
147,Käpylä station,2.0
148,Juhana Herttuan tie,2.0
149,Toinen linja,0.0
150,Töölönlahden puisto,1.0
161,Eteläesplanadi,0.0
162,Leppäsuonaukio,0.0
200,West Terminal,0.0
202,Merihaka,1.0
204,A.I. Virtasen aukio,2.0
222,Huovitie,2.0
225,Maunula,2.0
229,Käskynhaltijantie,2.0
232,Oulunkylä Station,2.0
233,Kirkkoherrantie,2.0
237,Aulangontie,2.0
290,Vallilan varikko,1.0
294,Postipuisto,2.0
