Station ID,Station,vehicle
2,Laivasillankatu,0.0
3,Kapteeninpuistikko,0.0
5,Sepänkatu,0.0
7,Design Museum,0.0
8,Vanha kirkkopuisto,0.0
10,Kasarmitori,0.0
11,Unioninkatu,0.0
13,Merisotilaantori,0.0
17,Varsapuistikko,0.0
19,Central Railway Station/East,2.0
22,Central Railway Station/West,2.0
25,Narinkka,2.0
26,Kamppi (M),0.0
27,Eerikinkatu,0.0
28,Lastenlehto,0.0
31,Maria Hospital,0.0
32,Finnish Museum of Natural History,0.0
33,Hanken School of Economics,0.0
34,National Museum,0.0
35,Cygnaeuksenkatu,0.0
36,Apollonkatu,2.0
37,Töölönkatu,2.0
38,Töölöntori,2.0
39,Opera,2.0
40,Hakaniemi (M),0.0
41,Ympyrätalo,2.0
42,Haapaniemenkatu,0.0
43,Karhupuisto,0.0
44,Sörnäinen (M),1.0
45,Brahen kenttä,2.0
46,Diakoniapuisto,2.0
49,Annankatu,0.0
61,Länsisatamankatu,0.0
62,Välimerenkatu,0.0
63,Jätkäsaarenlaituri,0.0
65,Hernesaarenranta,0.0
66,Ehrenströmintie,0.0
67,Perämiehenkatu,0.0
70,Sammonpuistikko,0.0
71,Hietaniemenkatu,2.0
74,Rajasaarentie,2.0
75,Korjaamo,2.0
76,Olympic Stadium,2.0
77,Nordenskiöldinaukio,2.0
78,Messeniuksenkatu,2.0
79,Swimming Stadium,2.0
80,Ice hall,2.0
81,Stenbäckinkatu,2.0
82,Töölöntulli,2.0
85,Jalavatie,2.0
86,Kuusitie,2.0
88,Kiskontie,2.0
109,Hertanmäenkatu,2.0
110,Maistraatintori,2.0
111,Esterinportti,2.0
112,Rautatieläisenkatu,1.0
113,Pasila railway station,1.0
114,Ratapihantie,2.0
115,Venttiilikuja,2.0
116,Linnanmäki Amusement Park,1.0
117,Brahen puistikko,2.0
118,Fleminginkatu,2.0
119,Gebhardinaukio,1.0
120,Mäkelänkatu,1.0
122,Lintulahdenkatu,0.0
123,Näkinsilta,0.0
128,Päijänteentie,1.0
129,Pernajantie,1.0
130,Teollisuuskatu,1.0
132,Hollolantie,1.0
133,Paavalinpuisto,1.0
135,Velodrominrinne,2.0
137,Arabia Shopping Center,1.0
141,Intiankatu,1.0
144,Käpyläntie,1.0
147,Käpylä station,1.0
149,Toinen linja,0.0
161,Eteläesplanadi,0.0
162,Leppäsuonaukio,2.0
202,Merihaka,0.0
203,Opastinsilta,2.0
225,Maunula,1.0
227,Kylävoudintie,1.0
229,Käskynhaltijantie,1.0
230,Mäkitorpantie,1.0
233,Kirkkoherrantie,1.0
235,Katariina Saksilaisen katu,1.0
236,Hernepellontie,1.0
237,Aulangontie,1.0
290,Vallilan varikko,1.0
293,Korkeasaari,1.0
