Station ID,Station,vehicle
1,Kaivopuisto,0.0
2,Laivasillankatu,0.0
3,Kapteeninpuistikko,0.0
4,Viiskulma,0.0
5,Sepänkatu,0.0
7,Design Museum,0.0
11,Unioninkatu,0.0
14,Senate Square,0.0
15,Ritarikatu,0.0
17,Varsapuistikko,0.0
19,Central Railway Station/East,0.0
21,Töölönlahdenkatu,1.0
22,Central Railway Station/West,0.0
24,Mannerheimintie,0.0
26,Kamppi (M),0.0
28,Lastenlehto,0.0
29,Baana,0.0
33,Hanken School of Economics,0.0
35,Cygnaeuksenkatu,0.0
36,Apollonkatu,1.0
37,Töölönkatu,0.0
38,Töölöntori,1.0
39,Opera,1.0
40,Hakaniemi (M),0.0
42,Haapaniemenkatu,1.0
43,Karhupuisto,1.0
44,Sörnäinen (M),1.0
45,Brahen kenttä,1.0
46,Diakoniapuisto,1.0
47,Market Square,0.0
49,Annankatu,0.0
60,Cable Factory,0.0
61,Länsisatamankatu,0.0
62,Välimerenkatu,0.0
63,Jätkäsaarenlaituri,0.0
66,Ehrenströmintie,0.0
67,Perämiehenkatu,0.0
69,Kalevankatu,0.0
70,Sammonpuistikko,0.0
71,Hietaniemenkatu,0.0
72,Eteläinen Hesperiankatu,0.0
73,Kesäkatu,1.0
74,Rajasaarentie,1.0
76,Olympic Stadium,1.0
77,Nordenskiöldinaukio,1.0
78,Messeniuksenkatu,1.0
80,Ice hall,1.0
82,Töölöntulli,1.0
85,Jalavatie,1.0
86,Kuusitie,2.0
87,Kustaankatu,1.0
88,Kiskontie,2.0
107,Tenholantie,2.0
108,Radiokatu,2.0
111,Esterinportti,1.0
112,Rautatieläisenkatu,1.0
114,Ratapihantie,1.0
115,Venttiilikuja,1.0
116,Linnanmäki Amusement Park,1.0
119,Gebhardinaukio,1.0
120,Mäkelänkatu,1.0
122,Lintulahdenkatu,2.0
123,Näkinsilta,2.0
125,Arielinkatu,2.0
127,Teurastamo,1.0
128,Päijänteentie,2.0
129,Pernajantie,1.0
130,Teollisuuskatu,1.0
131,Elimäenkatu,1.0
132,Hollolantie,1.0
136,Sofianlehdonkatu,1.0
138,Arabiankatu,2.0
144,Käpyläntie,2.0
145,Pohjolankatu,2.0
146,Pohjolanaukio,2.0
147,Käpylä station,2.0
148,Juhana Herttuan tie,2.0
150,Töölönlahden puisto,0.0
161,Eteläesplanadi,0.0
162,Leppäsuonaukio,0.0
201,Länsisatamankuja,0.0
202,Merihaka,1.0
204,A.I. Virtasen aukio,2.0
222,Huovitie,2.0
224,Vesakkotie,2.0
225,Maunula,2.0
227,Kylävoudintie,2.0
228,Kustaankartano,2.0
229,Käskynhaltijantie,2.0
233,Kirkkoherrantie,2.0
237,Aulangontie,2.0
293,Korkeasaari,2.0
404,Sompasaari,2.0
