Station ID,Station,vehicle
1,Kaivopuisto,0.0
2,Laivasillankatu,0.0
3,Kapteeninpuistikko,0.0
4,Viiskulma,1.0
5,Sepänkatu,0.0
6,Hietalahdentori,1.0
11,Unioninkatu,0.0
12,Kanavaranta,0.0
14,Senate Square,0.0
15,Ritarikatu,0.0
16,Liisanpuistikko,0.0
18,Porthania,0.0
23,Kiasma,1.0
24,Mannerheimintie,1.0
25,Narinkka,1.0
26,Kamppi (M),1.0
27,Eerikinkatu,1.0
28,Lastenlehto,1.0
31,Maria Hospital,1.0
32,Finnish Museum of Natural History,1.0
33,Hanken School of Economics,1.0
34,National Museum,1.0
35,Cygnaeuksenkatu,1.0
36,Apollonkatu,0.0
37,Töölönkatu,1.0
41,Ympyrätalo,0.0
45,Brahen kenttä,0.0
49,Annankatu,0.0
60,Cable Factory,1.0
61,Länsisatamankatu,1.0
64,Tyynenmerenkatu,1.0
65,Hernesaarenranta,1.0
66,Ehrenströmintie,0.0
69,Kalevankatu,0.0
70,Sammonpuistikko,1.0
71,Hietaniemenkatu,1.0
72,Eteläinen Hesperiankatu,1.0
73,Kesäkatu,1.0
74,Rajasaarentie,1.0
76,Olympic Stadium,1.0
78,Messeniuksenkatu,1.0
79,Swimming Stadium,2.0
81,Stenbäckinkatu,2.0
86,Kuusitie,2.0
107,Tenholantie,2.0
108,Radiokatu,2.0
110,Maistraatintori,2.0
113,Pasila railway station,2.0
114,Ratapihantie,2.0
115,Venttiilikuja,2.0
117,Brahen puistikko,2.0
118,Fleminginkatu,0.0
121,Vilhonvuorenkatu,0.0
122,Lintulahdenkatu,0.0
124,Isoisänsilta,0.0
133,Paavalinpuisto,2.0
140,Verkatehtaanpuisto,2.0
142,Koskelantie,2.0
144,Käpyläntie,2.0
149,Toinen linja,0.0
162,Leppäsuonaukio,1.0
202,Merihaka,0.0
203,Opastinsilta,2.0
222,Huovitie,2.0
227,Kylävoudintie,2.0
229,Käskynhaltijantie,2.0
230,Mäkitorpantie,2.0
236,Hernepellontie,2.0
292,Koskelan varikko,2.0
293,Korkeasaari,0.0
294,Postipuisto,2.0
