Station ID,Station,vehicle
3,Kapteeninpuistikko,0.0
5,Sepänkatu,0.0
6,Hietalahdentori,0.0
7,Design Museum,0.0
11,Unioninkatu,0.0
15,Ritarikatu,0.0
17,Varsapuistikko,0.0
19,Central Railway Station/East,1.0
21,Töölönlahdenkatu,1.0
22,Central Railway Station/West,1.0
26,Kamppi (M),0.0
27,Eerikinkatu,0.0
28,Lastenlehto,0.0
29,Baana,0.0
31,Maria Hospital,0.0
32,Finnish Museum of Natural History,0.0
33,Hanken School of Economics,0.0
34,National Museum,0.0
35,Cygnaeuksenkatu,0.0
36,Apollonkatu,0.0
37,Töölönkatu,1.0
38,Töölöntori,0.0
40,Hakaniemi (M),0.0
42,Haapaniemenkatu,1.0
43,Karhupuisto,1.0
44,Sörnäinen (M),1.0
45,Brahen kenttä,1.0
46,Diakoniapuisto,1.0
49,Annankatu,0.0
60,Cable Factory,0.0
61,Länsisatamankatu,0.0
62,Välimerenkatu,0.0
63,Jätkäsaarenlaituri,0.0
65,Hernesaarenranta,0.0
67,Perämiehenkatu,0.0
69,Kalevankatu,0.0
70,Sammonpuistikko,0.0
71,Hietaniemenkatu,0.0
74,Rajasaarentie,1.0
76,Olympic Stadium,1.0
77,Nordenskiöldinaukio,1.0
78,Messeniuksenkatu,1.0
79,Swimming Stadium,1.0
80,Ice hall,1.0
81,Stenbäckinkatu,1.0
82,Töölöntulli,1.0
85,Jalavatie,2.0
87,Kustaankatu,1.0
108,Radiokatu,2.0
109,Hertanmäenkatu,2.0
110,Maistraatintori,2.0
111,Esterinportti,2.0
113,Pasila railway station,1.0
114,Ratapihantie,2.0
115,Venttiilikuja,1.0
117,Brahen puistikko,1.0
118,Fleminginkatu,1.0
119,Gebhardinaukio,1.0
120,Mäkelänkatu,1.0
121,Vilhonvuorenkatu,1.0
122,Lintulahdenkatu,1.0
123,Näkinsilta,1.0
126,Kalasatama (M),1.0
128,Päijänteentie,1.0
129,Pernajantie,1.0
130,Teollisuuskatu,2.0
131,Elimäenkatu,2.0
132,Hollolantie,1.0
136,Sofianlehdonkatu,2.0
139,Kaironkatu,2.0
145,Pohjolankatu,2.0
148,Juhana Herttuan tie,2.0
149,Toinen linja,1.0
161,Eteläesplanadi,0.0
162,Leppäsuonaukio,0.0
203,Opastinsilta,2.0
204,A.I. Virtasen aukio,2.0
205,Ilmala Station,2.0
222,Huovitie,2.0
224,Vesakkotie,2.0
229,Käskynhaltijantie,2.0
235,Katariina Saksilaisen katu,2.0
236,Hernepellontie,2.0
237,Aulangontie,2.0
290,Vallilan varikko,2.0
