Station ID,Station,vehicle
3,Kapteeninpuistikko,0.0
4,Viiskulma,0.0
5,Sepänkatu,0.0
7,Design Museum,0.0
11,Unioninkatu,0.0
12,Kanavaranta,0.0
16,Liisanpuistikko,0.0
19,Central Railway Station/East,1.0
22,Central Railway Station/West,1.0
24,Mannerheimintie,1.0
28,Lastenlehto,0.0
29,Baana,0.0
31,Maria Hospital,0.0
32,Finnish Museum of Natural History,1.0
34,National Museum,0.0
35,Cygnaeuksenkatu,0.0
36,Apollonkatu,1.0
37,Töölönkatu,0.0
38,Töölöntori,0.0
39,Opera,0.0
40,Hakaniemi (M),0.0
42,Haapaniemenkatu,0.0
43,Karhupuisto,0.0
44,Sörnäinen (M),1.0
46,Diakoniapuisto,0.0
48,Mastokatu,0.0
49,Annankatu,0.0
61,Länsisatamankatu,0.0
62,Välimerenkatu,0.0
64,Tyynenmerenkatu,0.0
65,Hernesaarenranta,0.0
67,Perämiehenkatu,0.0
68,Albertinkatu,0.0
69,Kalevankatu,0.0
70,Sammonpuistikko,0.0
71,Hietaniemenkatu,1.0
73,Kesäkatu,0.0
75,Korjaamo,1.0
76,Olympic Stadium,0.0
77,Nordenskiöldinaukio,1.0
78,Messeniuksenkatu,1.0
82,Töölöntulli,1.0
85,Jalavatie,1.0
86,Kuusitie,1.0
87,Kustaankatu,1.0
88,Kiskontie,1.0
107,Tenholantie,2.0
109,Hertanmäenkatu,1.0
110,Maistraatintori,1.0
111,Esterinportti,1.0
112,Rautatieläisenkatu,2.0
113,Pasila railway station,1.0
114,Ratapihantie,1.0
115,Venttiilikuja,1.0
116,Linnanmäki Amusement Park,1.0
117,Brahen puistikko,1.0
118,Fleminginkatu,1.0
119,Gebhardinaukio,2.0
120,Mäkelänkatu,1.0
123,Näkinsilta,0.0
126,Kalasatama (M),2.0
128,Päijänteentie,2.0
129,Pernajantie,2.0
130,Teollisuuskatu,1.0
132,Hollolantie,2.0
133,Paavalinpuisto,2.0
134,Haukilahdenkatu,2.0
135,Velodrominrinne,2.0
136,Sofianlehdonkatu,2.0
138,Arabiankatu,2.0
139,Kaironkatu,2.0
141,Intiankatu,2.0
144,Käpyläntie,2.0
148,Juhana Herttuan tie,2.0
149,Toinen linja,0.0
150,Töölönlahden puisto,1.0
161,Eteläesplanadi,1.0
162,Leppäsuonaukio,0.0
202,Merihaka,1.0
205,Ilmala Station,2.0
222,Huovitie,2.0
227,Kylävoudintie,2.0
228,Kustaankartano,2.0
229,Käskynhaltijantie,2.0
230,Mäkitorpantie,2.0
237,Aulangontie,2.0
243,Mustikkamaa,2.0
290,Vallilan varikko,2.0
292,Koskelan varikko,2.0
