,Station ID,Station,Longitude,Latitude,# of Docks,City,s_min,s_max,level,s_plus,s_minus,selfSufficient,vehicleLoc,vehicle
0,4,Viiskulma,24.9417758006418,60.1609858921764,14.0,Helsinki,5.0,13.0,4.0,1.0,0.0,False,,0
1,6,Hietalahdentori,24.9296476311878,60.1622283898112,24.0,Helsinki,6.0,24.0,3.0,3.0,0.0,False,,0
2,7,Design Museum,24.9459599998806,60.16310319165999,14.0,Helsinki,3.0,12.0,1.0,2.0,0.0,False,,0
3,8,Vanha kirkkopuisto,24.9391145483706,60.1653538465664,24.0,Helsinki,1.0,17.0,0.0,1.0,0.0,False,,0
4,14,Senate Square,24.9526414004662,60.16912779191179,22.0,Helsinki,1.0,17.0,0.0,1.0,0.0,False,,0
5,16,Liisanpuistikko,24.961374699762803,60.1741821916183,16.0,Helsinki,6.0,16.0,3.0,3.0,0.0,False,,0
6,20,Kaisaniemenpuisto,24.9433556359399,60.1732349001278,22.0,Helsinki,1.0,16.0,0.0,1.0,0.0,False,,0
7,24,Mannerheimintie,24.9394194995361,60.1690723919948,20.0,Helsinki,1.0,12.0,0.0,1.0,0.0,False,,0
8,28,Lastenlehto,24.9270362659605,60.1657993006509,16.0,Helsinki,5.0,15.0,4.0,1.0,0.0,False,,0
9,29,Baana,24.9225706207902,60.16411737248711,16.0,Helsinki,3.0,10.0,2.0,1.0,0.0,False,,0
10,31,Maria Hospital,24.9227415692015,60.1683228179992,16.0,Helsinki,6.0,16.0,3.0,3.0,0.0,False,,0
11,32,Finnish Museum of Natural History,24.931897512143102,60.1713588986588,20.0,Helsinki,2.0,16.0,1.0,1.0,0.0,False,,0
12,33,Hanken School of Economics,24.923839759,60.171202903,16.0,Helsinki,5.0,15.0,1.0,4.0,0.0,False,,0
13,35,Cygnaeuksenkatu,24.9282685568484,60.1741008716685,16.0,Helsinki,4.0,15.0,3.0,1.0,0.0,False,,0
14,62,Välimerenkatu,24.9162412896547,60.15929634149529,16.0,Helsinki,9.0,15.0,16.0,0.0,1.0,False,,0
15,64,Tyynenmerenkatu,24.9203435489542,60.1568077714966,20.0,Helsinki,5.0,19.0,20.0,0.0,1.0,False,,0
16,65,Hernesaarenranta,24.9311978237832,60.1535144787873,40.0,Helsinki,1.0,36.0,40.0,0.0,4.0,False,,0
17,68,Albertinkatu,24.9368050446952,60.1618574790512,20.0,Helsinki,7.0,20.0,4.0,3.0,0.0,False,,0
18,65,,24.9311978237832,60.1535144787873,,,,,,,,True,,0
19,-2,,,,,,,,,,,False,,0
20,-1,,,,,,,,,,,False,,0
