Station ID,Station,vehicle
1,Kaivopuisto,0.0
3,Kapteeninpuistikko,0.0
4,Viiskulma,0.0
6,Hietalahdentori,0.0
10,Kasarmitori,0.0
17,Varsapuistikko,0.0
18,Porthania,0.0
20,Kaisaniemenpuisto,0.0
24,Mannerheimintie,1.0
26,Kamppi (M),0.0
27,Eerikinkatu,0.0
29,Baana,0.0
30,Itämerentori,0.0
32,Finnish Museum of Natural History,1.0
33,Hanken School of Economics,0.0
34,National Museum,1.0
35,Cygnaeuksenkatu,1.0
36,Apollonkatu,1.0
39,Opera,1.0
40,Hakaniemi (M),1.0
43,Karhupuisto,1.0
44,Sörnäinen (M),1.0
46,Diakoniapuisto,1.0
48,Mastokatu,0.0
49,Annankatu,0.0
63,Jätkäsaarenlaituri,0.0
64,Tyynenmerenkatu,0.0
69,Kalevankatu,0.0
72,Eteläinen Hesperiankatu,0.0
75,Korjaamo,1.0
76,Olympic Stadium,2.0
78,Messeniuksenkatu,2.0
79,Swimming Stadium,2.0
86,Kuusitie,2.0
87,Kustaankatu,1.0
108,Radiokatu,2.0
112,Rautatieläisenkatu,2.0
114,Ratapihantie,2.0
115,Venttiilikuja,2.0
117,Brahen puistikko,1.0
118,Fleminginkatu,1.0
121,Vilhonvuorenkatu,1.0
122,Lintulahdenkatu,1.0
124,Isoisänsilta,1.0
125,Arielinkatu,1.0
128,Päijänteentie,1.0
130,Teollisuuskatu,2.0
132,Hollolantie,2.0
136,Sofianlehdonkatu,2.0
141,Intiankatu,2.0
144,Käpyläntie,2.0
146,Pohjolanaukio,2.0
162,Leppäsuonaukio,0.0
202,Merihaka,1.0
222,Huovitie,2.0
227,Kylävoudintie,2.0
293,Korkeasaari,1.0
294,Postipuisto,2.0
