Station ID,Station,vehicle
4,Viiskulma,0.0
5,Sepänkatu,0.0
6,Hietalahdentori,0.0
7,Design Museum,0.0
10,Kasarmitori,0.0
13,Merisotilaantori,1.0
17,Varsapuistikko,0.0
18,Porthania,0.0
20,Kaisaniemenpuisto,0.0
23,Kiasma,0.0
25,Narinkka,0.0
26,Kamppi (M),0.0
27,Eerikinkatu,0.0
28,Lastenlehto,0.0
29,Baana,0.0
31,Maria Hospital,0.0
32,Finnish Museum of Natural History,0.0
33,Hanken School of Economics,0.0
34,National Museum,0.0
35,Cygnaeuksenkatu,0.0
36,Apollonkatu,0.0
37,Töölönkatu,0.0
38,Töölöntori,2.0
39,Opera,0.0
40,Hakaniemi (M),2.0
43,Karhupuisto,2.0
44,Sörnäinen (M),1.0
45,Brahen kenttä,1.0
46,Diakoniapuisto,2.0
59,Salmisaarenranta,0.0
60,Cable Factory,0.0
61,Länsisatamankatu,0.0
62,Välimerenkatu,0.0
64,Tyynenmerenkatu,0.0
65,Hernesaarenranta,0.0
69,Kalevankatu,0.0
72,Eteläinen Hesperiankatu,0.0
73,Kesäkatu,0.0
74,Rajasaarentie,2.0
76,Olympic Stadium,2.0
78,Messeniuksenkatu,2.0
85,Jalavatie,2.0
87,Kustaankatu,1.0
107,Tenholantie,2.0
108,Radiokatu,2.0
109,Hertanmäenkatu,2.0
110,Maistraatintori,2.0
111,Esterinportti,2.0
112,Rautatieläisenkatu,2.0
113,Pasila railway station,2.0
114,Ratapihantie,2.0
115,Venttiilikuja,2.0
116,Linnanmäki Amusement Park,1.0
117,Brahen puistikko,1.0
118,Fleminginkatu,2.0
120,Mäkelänkatu,2.0
121,Vilhonvuorenkatu,2.0
124,Isoisänsilta,1.0
128,Päijänteentie,2.0
132,Hollolantie,2.0
133,Paavalinpuisto,2.0
135,Velodrominrinne,2.0
136,Sofianlehdonkatu,2.0
137,Arabia Shopping Center,2.0
141,Intiankatu,1.0
142,Koskelantie,2.0
144,Käpyläntie,1.0
145,Pohjolankatu,1.0
146,Pohjolanaukio,1.0
150,Töölönlahden puisto,0.0
162,Leppäsuonaukio,0.0
202,Merihaka,1.0
203,Opastinsilta,1.0
205,Ilmala Station,2.0
222,Huovitie,1.0
227,Kylävoudintie,1.0
232,Oulunkylä Station,1.0
235,Katariina Saksilaisen katu,1.0
237,Aulangontie,1.0
