Station ID,Station,vehicle
2,Laivasillankatu,0.0
3,Kapteeninpuistikko,0.0
7,Design Museum,0.0
8,Vanha kirkkopuisto,0.0
11,Unioninkatu,0.0
16,Liisanpuistikko,0.0
17,Varsapuistikko,0.0
19,Central Railway Station/East,1.0
21,Töölönlahdenkatu,1.0
22,Central Railway Station/West,1.0
24,Mannerheimintie,1.0
26,Kamppi (M),1.0
27,Eerikinkatu,0.0
28,Lastenlehto,0.0
29,Baana,0.0
31,Maria Hospital,0.0
32,Finnish Museum of Natural History,0.0
33,Hanken School of Economics,0.0
34,National Museum,0.0
35,Cygnaeuksenkatu,0.0
36,Apollonkatu,1.0
38,Töölöntori,0.0
39,Opera,1.0
40,Hakaniemi (M),0.0
42,Haapaniemenkatu,0.0
43,Karhupuisto,0.0
44,Sörnäinen (M),1.0
45,Brahen kenttä,2.0
46,Diakoniapuisto,1.0
47,Market Square,0.0
49,Annankatu,0.0
62,Välimerenkatu,0.0
64,Tyynenmerenkatu,0.0
65,Hernesaarenranta,0.0
67,Perämiehenkatu,0.0
68,Albertinkatu,0.0
70,Sammonpuistikko,0.0
71,Hietaniemenkatu,0.0
72,Eteläinen Hesperiankatu,0.0
73,Kesäkatu,0.0
75,Korjaamo,0.0
77,Nordenskiöldinaukio,1.0
78,Messeniuksenkatu,1.0
81,Stenbäckinkatu,1.0
82,Töölöntulli,1.0
85,Jalavatie,1.0
87,Kustaankatu,1.0
88,Kiskontie,1.0
107,Tenholantie,2.0
109,Hertanmäenkatu,1.0
110,Maistraatintori,1.0
111,Esterinportti,1.0
113,Pasila railway station,1.0
114,Ratapihantie,1.0
115,Venttiilikuja,1.0
116,Linnanmäki Amusement Park,1.0
117,Brahen puistikko,1.0
118,Fleminginkatu,2.0
119,Gebhardinaukio,1.0
120,Mäkelänkatu,1.0
121,Vilhonvuorenkatu,2.0
122,Lintulahdenkatu,1.0
123,Näkinsilta,0.0
127,Teurastamo,2.0
128,Päijänteentie,2.0
129,Pernajantie,2.0
132,Hollolantie,1.0
133,Paavalinpuisto,2.0
135,Velodrominrinne,1.0
138,Arabiankatu,2.0
141,Intiankatu,2.0
142,Koskelantie,2.0
144,Käpyläntie,2.0
145,Pohjolankatu,2.0
146,Pohjolanaukio,2.0
147,Käpylä station,2.0
148,Juhana Herttuan tie,2.0
149,Toinen linja,0.0
161,Eteläesplanadi,0.0
162,Leppäsuonaukio,0.0
201,Länsisatamankuja,0.0
203,Opastinsilta,2.0
205,Ilmala Station,1.0
222,Huovitie,2.0
227,Kylävoudintie,2.0
228,Kustaankartano,2.0
229,Käskynhaltijantie,2.0
230,Mäkitorpantie,2.0
233,Kirkkoherrantie,2.0
237,Aulangontie,2.0
243,Mustikkamaa,2.0
290,Vallilan varikko,2.0
292,Koskelan varikko,2.0
