Station ID,Station,vehicle
4,Viiskulma,0.0
6,Hietalahdentori,0.0
7,Design Museum,0.0
9,Erottajan aukio,0.0
12,Kanavaranta,0.0
13,Merisotilaantori,0.0
14,Senate Square,0.0
17,Varsapuistikko,0.0
18,Porthania,0.0
20,Kaisaniemenpuisto,0.0
23,Kiasma,0.0
25,Narinkka,1.0
26,Kamppi (M),0.0
27,Eerikinkatu,0.0
28,Lastenlehto,0.0
30,Itämerentori,0.0
32,Finnish Museum of Natural History,1.0
33,Hanken School of Economics,1.0
34,National Museum,1.0
35,Cygnaeuksenkatu,1.0
37,Töölönkatu,1.0
41,Ympyrätalo,0.0
43,Karhupuisto,1.0
44,Sörnäinen (M),1.0
45,Brahen kenttä,1.0
49,Annankatu,0.0
62,Välimerenkatu,0.0
67,Perämiehenkatu,0.0
68,Albertinkatu,0.0
69,Kalevankatu,0.0
70,Sammonpuistikko,1.0
71,Hietaniemenkatu,0.0
73,Kesäkatu,1.0
74,Rajasaarentie,1.0
76,Olympic Stadium,1.0
79,Swimming Stadium,1.0
87,Kustaankatu,1.0
108,Radiokatu,2.0
113,Pasila railway station,1.0
114,Ratapihantie,1.0
115,Venttiilikuja,1.0
116,Linnanmäki Amusement Park,2.0
117,Brahen puistikko,2.0
121,Vilhonvuorenkatu,1.0
122,Lintulahdenkatu,1.0
125,Arielinkatu,2.0
127,Teurastamo,2.0
129,Pernajantie,1.0
132,Hollolantie,1.0
134,Haukilahdenkatu,2.0
135,Velodrominrinne,2.0
136,Sofianlehdonkatu,2.0
137,Arabia Shopping Center,2.0
140,Verkatehtaanpuisto,2.0
142,Koskelantie,2.0
145,Pohjolankatu,2.0
147,Käpylä station,2.0
202,Merihaka,0.0
203,Opastinsilta,1.0
204,A.I. Virtasen aukio,2.0
222,Huovitie,2.0
224,Vesakkotie,2.0
234,Otto Brandtin tie,2.0
243,Mustikkamaa,2.0
290,Vallilan varikko,1.0
