Station ID,Station,vehicle
2,Laivasillankatu,0.0
3,Kapteeninpuistikko,0.0
4,Viiskulma,0.0
5,Sepänkatu,0.0
7,Design Museum,0.0
11,Unioninkatu,0.0
14,Senate Square,0.0
15,Ritarikatu,0.0
16,Liisanpuistikko,0.0
17,Varsapuistikko,0.0
19,Central Railway Station/East,1.0
21,Töölönlahdenkatu,1.0
22,Central Railway Station/West,1.0
24,Mannerheimintie,1.0
25,Narinkka,0.0
26,Kamppi (M),0.0
27,Eerikinkatu,0.0
28,Lastenlehto,0.0
29,Baana,0.0
30,Itämerentori,0.0
31,Maria Hospital,0.0
32,Finnish Museum of Natural History,0.0
33,Hanken School of Economics,0.0
34,National Museum,0.0
35,Cygnaeuksenkatu,0.0
36,Apollonkatu,0.0
37,Töölönkatu,1.0
39,Opera,1.0
40,Hakaniemi (M),0.0
41,Ympyrätalo,0.0
42,Haapaniemenkatu,1.0
43,Karhupuisto,1.0
44,Sörnäinen (M),2.0
46,Diakoniapuisto,1.0
48,Mastokatu,0.0
49,Annankatu,0.0
61,Länsisatamankatu,0.0
62,Välimerenkatu,0.0
63,Jätkäsaarenlaituri,0.0
64,Tyynenmerenkatu,0.0
65,Hernesaarenranta,0.0
67,Perämiehenkatu,0.0
68,Albertinkatu,0.0
69,Kalevankatu,0.0
70,Sammonpuistikko,0.0
71,Hietaniemenkatu,1.0
73,Kesäkatu,1.0
75,Korjaamo,1.0
76,Olympic Stadium,1.0
77,Nordenskiöldinaukio,1.0
78,Messeniuksenkatu,1.0
79,Swimming Stadium,1.0
80,Ice hall,1.0
82,Töölöntulli,1.0
85,Jalavatie,1.0
86,Kuusitie,1.0
87,Kustaankatu,1.0
88,Kiskontie,1.0
107,Tenholantie,1.0
109,Hertanmäenkatu,1.0
110,Maistraatintori,1.0
114,Ratapihantie,1.0
115,Venttiilikuja,1.0
116,Linnanmäki Amusement Park,1.0
117,Brahen puistikko,1.0
118,Fleminginkatu,1.0
119,Gebhardinaukio,2.0
120,Mäkelänkatu,2.0
121,Vilhonvuorenkatu,2.0
122,Lintulahdenkatu,1.0
123,Näkinsilta,0.0
125,Arielinkatu,2.0
127,Teurastamo,2.0
128,Päijänteentie,2.0
129,Pernajantie,2.0
130,Teollisuuskatu,1.0
131,Elimäenkatu,1.0
132,Hollolantie,2.0
133,Paavalinpuisto,2.0
135,Velodrominrinne,1.0
136,Sofianlehdonkatu,2.0
137,Arabia Shopping Center,2.0
138,Arabiankatu,2.0
141,Intiankatu,2.0
142,Koskelantie,2.0
144,Käpyläntie,2.0
145,Pohjolankatu,2.0
147,Käpylä station,2.0
149,Toinen linja,0.0
161,Eteläesplanadi,0.0
201,Länsisatamankuja,0.0
202,Merihaka,0.0
204,A.I. Virtasen aukio,2.0
224,Vesakkotie,2.0
227,Kylävoudintie,2.0
229,Käskynhaltijantie,2.0
230,Mäkitorpantie,2.0
232,Oulunkylä Station,2.0
236,Hernepellontie,2.0
237,Aulangontie,2.0
290,Vallilan varikko,2.0
292,Koskelan varikko,2.0
293,Korkeasaari,2.0
