Station ID,Station,s_min,s_max,level,selfSufficient
1,Kaivopuisto,6.0,29.0,2.0,False
2,Laivasillankatu,3.0,10.0,11.0,False
3,Kapteeninpuistikko,9.0,16.0,9.0,True
4,Viiskulma,6.0,13.0,14.0,False
5,Sepänkatu,7.0,32.0,12.0,True
6,Hietalahdentori,7.0,24.0,4.0,False
7,Design Museum,3.0,11.0,2.0,False
8,Vanha kirkkopuisto,1.0,17.0,0.0,False
9,Erottajan aukio,1.0,32.0,0.0,False
10,Kasarmitori,3.0,25.0,6.0,True
11,Unioninkatu,1.0,8.0,2.0,True
12,Kanavaranta,1.0,28.0,22.0,True
14,Senate Square,1.0,17.0,0.0,False
15,Ritarikatu,6.0,11.0,3.0,False
16,Liisanpuistikko,7.0,16.0,16.0,True
17,Varsapuistikko,2.0,22.0,0.0,False
18,Porthania,1.0,25.0,0.0,False
19,Central Railway Station/East,0.0,6.0,1.0,True
20,Kaisaniemenpuisto,2.0,15.0,0.0,False
21,Töölönlahdenkatu,0.0,35.0,3.0,True
22,Central Railway Station/West,0.0,3.0,0.0,True
23,Kiasma,1.0,24.0,0.0,False
24,Mannerheimintie,1.0,12.0,0.0,False
25,Narinkka,0.0,31.0,0.0,True
26,Kamppi (M),2.0,27.0,0.0,False
27,Eerikinkatu,3.0,11.0,0.0,False
28,Lastenlehto,5.0,15.0,3.0,False
29,Baana,3.0,10.0,16.0,False
30,Itämerentori,4.0,36.0,14.0,True
31,Maria Hospital,7.0,15.0,15.0,True
32,Finnish Museum of Natural History,2.0,16.0,0.0,False
33,Hanken School of Economics,6.0,15.0,0.0,False
34,National Museum,2.0,12.0,1.0,False
35,Cygnaeuksenkatu,5.0,15.0,4.0,False
47,Market Square,1.0,18.0,5.0,True
48,Mastokatu,3.0,20.0,17.0,True
49,Annankatu,3.0,13.0,3.0,True
62,Välimerenkatu,9.0,15.0,12.0,True
63,Jätkäsaarenlaituri,5.0,22.0,10.0,True
64,Tyynenmerenkatu,6.0,18.0,19.0,False
65,Hernesaarenranta,1.0,36.0,13.0,True
66,Ehrenströmintie,2.0,18.0,10.0,True
67,Perämiehenkatu,6.0,15.0,15.0,True
68,Albertinkatu,8.0,20.0,19.0,True
69,Kalevankatu,4.0,13.0,0.0,False
70,Sammonpuistikko,8.0,14.0,14.0,True
150,Töölönlahden puisto,1.0,16.0,0.0,False
161,Eteläesplanadi,1.0,23.0,1.0,True
162,Leppäsuonaukio,4.0,25.0,2.0,False
200,West Terminal,2.0,21.0,3.0,True
