Station ID,Station,vehicle
4,Viiskulma,0.0
5,Sepänkatu,0.0
6,Hietalahdentori,0.0
7,Design Museum,0.0
11,Unioninkatu,0.0
13,Merisotilaantori,2.0
16,Liisanpuistikko,2.0
17,Varsapuistikko,0.0
19,Central Railway Station/East,0.0
22,Central Railway Station/West,0.0
24,Mannerheimintie,0.0
26,Kamppi (M),0.0
27,Eerikinkatu,0.0
28,Lastenlehto,0.0
29,Baana,0.0
30,Itämerentori,0.0
32,Finnish Museum of Natural History,0.0
33,Hanken School of Economics,0.0
35,Cygnaeuksenkatu,0.0
36,Apollonkatu,0.0
38,Töölöntori,0.0
39,Opera,0.0
40,Hakaniemi (M),1.0
42,Haapaniemenkatu,1.0
43,Karhupuisto,1.0
44,Sörnäinen (M),1.0
45,Brahen kenttä,1.0
46,Diakoniapuisto,1.0
48,Mastokatu,2.0
49,Annankatu,0.0
61,Länsisatamankatu,0.0
62,Välimerenkatu,0.0
63,Jätkäsaarenlaituri,0.0
67,Perämiehenkatu,0.0
68,Albertinkatu,0.0
70,Sammonpuistikko,0.0
71,Hietaniemenkatu,0.0
72,Eteläinen Hesperiankatu,0.0
73,Kesäkatu,0.0
75,Korjaamo,1.0
76,Olympic Stadium,1.0
77,Nordenskiöldinaukio,1.0
79,Swimming Stadium,1.0
82,Töölöntulli,1.0
85,Jalavatie,2.0
86,Kuusitie,2.0
87,Kustaankatu,1.0
88,Kiskontie,2.0
107,Tenholantie,2.0
108,Radiokatu,2.0
110,Maistraatintori,1.0
111,Esterinportti,1.0
114,Ratapihantie,1.0
115,Venttiilikuja,1.0
121,Vilhonvuorenkatu,1.0
122,Lintulahdenkatu,1.0
123,Näkinsilta,1.0
125,Arielinkatu,1.0
126,Kalasatama (M),1.0
128,Päijänteentie,1.0
129,Pernajantie,1.0
132,Hollolantie,1.0
134,Haukilahdenkatu,1.0
137,Arabia Shopping Center,1.0
139,Kaironkatu,2.0
141,Intiankatu,2.0
144,Käpyläntie,2.0
147,Käpylä station,2.0
149,Toinen linja,1.0
161,Eteläesplanadi,0.0
162,Leppäsuonaukio,0.0
202,Merihaka,2.0
222,Huovitie,2.0
224,Vesakkotie,2.0
227,Kylävoudintie,2.0
229,Käskynhaltijantie,2.0
237,Aulangontie,2.0
290,Vallilan varikko,1.0
293,Korkeasaari,2.0
