Station ID,Station,vehicle
14,Senate Square,0.0
15,Ritarikatu,0.0
17,Varsapuistikko,0.0
18,Porthania,0.0
20,Kaisaniemenpuisto,0.0
24,Mannerheimintie,0.0
27,Eerikinkatu,0.0
29,Baana,0.0
31,Maria Hospital,0.0
32,Finnish Museum of Natural History,0.0
33,Hanken School of Economics,0.0
34,National Museum,0.0
37,Töölönkatu,0.0
38,Töölöntori,2.0
40,Hakaniemi (M),0.0
41,Ympyrätalo,2.0
43,Karhupuisto,2.0
46,Diakoniapuisto,2.0
59,Salmisaarenranta,0.0
62,Välimerenkatu,0.0
65,Hernesaarenranta,0.0
70,Sammonpuistikko,0.0
73,Kesäkatu,0.0
74,Rajasaarentie,2.0
75,Korjaamo,2.0
78,Messeniuksenkatu,2.0
81,Stenbäckinkatu,2.0
83,Meilahti Hospital,2.0
87,Kustaankatu,1.0
108,Radiokatu,2.0
109,Hertanmäenkatu,2.0
112,Rautatieläisenkatu,2.0
113,Pasila railway station,2.0
114,Ratapihantie,2.0
115,Venttiilikuja,1.0
116,Linnanmäki Amusement Park,2.0
117,Brahen puistikko,2.0
119,Gebhardinaukio,2.0
124,Isoisänsilta,1.0
125,Arielinkatu,1.0
129,Pernajantie,2.0
132,Hollolantie,2.0
134,Haukilahdenkatu,1.0
135,Velodrominrinne,2.0
139,Kaironkatu,1.0
142,Koskelantie,2.0
144,Käpyläntie,1.0
145,Pohjolankatu,1.0
146,Pohjolanaukio,1.0
204,A.I. Virtasen aukio,1.0
205,Ilmala Station,2.0
227,Kylävoudintie,1.0
234,Otto Brandtin tie,1.0
236,Hernepellontie,1.0
237,Aulangontie,1.0
290,Vallilan varikko,2.0
292,Koskelan varikko,1.0
