Station ID,Station,vehicle
2,Laivasillankatu,0.0
3,Kapteeninpuistikko,0.0
7,Design Museum,0.0
11,Unioninkatu,1.0
14,Senate Square,0.0
15,Ritarikatu,0.0
16,Liisanpuistikko,0.0
17,Varsapuistikko,0.0
19,Central Railway Station/East,0.0
22,Central Railway Station/West,0.0
24,Mannerheimintie,0.0
26,Kamppi (M),0.0
28,Lastenlehto,0.0
32,Finnish Museum of Natural History,0.0
33,Hanken School of Economics,0.0
34,National Museum,0.0
35,Cygnaeuksenkatu,0.0
37,Töölönkatu,0.0
38,Töölöntori,0.0
39,Opera,0.0
40,Hakaniemi (M),2.0
41,Ympyrätalo,2.0
42,Haapaniemenkatu,2.0
43,Karhupuisto,2.0
44,Sörnäinen (M),2.0
45,Brahen kenttä,2.0
46,Diakoniapuisto,2.0
47,Market Square,1.0
48,Mastokatu,0.0
49,Annankatu,0.0
61,Länsisatamankatu,0.0
65,Hernesaarenranta,0.0
67,Perämiehenkatu,0.0
68,Albertinkatu,0.0
70,Sammonpuistikko,0.0
71,Hietaniemenkatu,0.0
72,Eteläinen Hesperiankatu,0.0
73,Kesäkatu,0.0
77,Nordenskiöldinaukio,1.0
78,Messeniuksenkatu,1.0
79,Swimming Stadium,2.0
82,Töölöntulli,1.0
85,Jalavatie,1.0
86,Kuusitie,1.0
87,Kustaankatu,2.0
110,Maistraatintori,2.0
111,Esterinportti,2.0
112,Rautatieläisenkatu,2.0
114,Ratapihantie,2.0
115,Venttiilikuja,2.0
117,Brahen puistikko,2.0
119,Gebhardinaukio,2.0
120,Mäkelänkatu,2.0
121,Vilhonvuorenkatu,2.0
123,Näkinsilta,2.0
124,Isoisänsilta,2.0
125,Arielinkatu,2.0
126,Kalasatama (M),2.0
128,Päijänteentie,2.0
129,Pernajantie,2.0
130,Teollisuuskatu,2.0
131,Elimäenkatu,2.0
132,Hollolantie,2.0
133,Paavalinpuisto,2.0
134,Haukilahdenkatu,1.0
136,Sofianlehdonkatu,2.0
141,Intiankatu,1.0
144,Käpyläntie,1.0
145,Pohjolankatu,1.0
148,Juhana Herttuan tie,1.0
149,Toinen linja,0.0
162,Leppäsuonaukio,0.0
201,Länsisatamankuja,0.0
222,Huovitie,1.0
225,Maunula,1.0
230,Mäkitorpantie,1.0
237,Aulangontie,1.0
290,Vallilan varikko,2.0
292,Koskelan varikko,1.0
293,Korkeasaari,1.0
