Station ID,Station,vehicle
2,Laivasillankatu,0.0
3,Kapteeninpuistikko,0.0
5,Sepänkatu,0.0
7,Design Museum,0.0
8,Vanha kirkkopuisto,0.0
11,Unioninkatu,0.0
16,Liisanpuistikko,0.0
18,Porthania,0.0
19,Central Railway Station/East,0.0
20,Kaisaniemenpuisto,1.0
21,Töölönlahdenkatu,1.0
22,Central Railway Station/West,0.0
23,Kiasma,0.0
24,Mannerheimintie,0.0
26,Kamppi (M),0.0
28,Lastenlehto,0.0
31,Maria Hospital,0.0
32,Finnish Museum of Natural History,0.0
34,National Museum,1.0
35,Cygnaeuksenkatu,0.0
41,Ympyrätalo,0.0
42,Haapaniemenkatu,1.0
43,Karhupuisto,1.0
44,Sörnäinen (M),1.0
45,Brahen kenttä,1.0
46,Diakoniapuisto,1.0
47,Market Square,0.0
49,Annankatu,0.0
60,Cable Factory,0.0
61,Länsisatamankatu,0.0
62,Välimerenkatu,0.0
63,Jätkäsaarenlaituri,0.0
64,Tyynenmerenkatu,0.0
65,Hernesaarenranta,0.0
67,Perämiehenkatu,0.0
68,Albertinkatu,0.0
69,Kalevankatu,0.0
70,Sammonpuistikko,0.0
72,Eteläinen Hesperiankatu,0.0
73,Kesäkatu,0.0
74,Rajasaarentie,1.0
75,Korjaamo,1.0
76,Olympic Stadium,1.0
77,Nordenskiöldinaukio,1.0
78,Messeniuksenkatu,1.0
79,Swimming Stadium,1.0
80,Ice hall,1.0
82,Töölöntulli,1.0
85,Jalavatie,1.0
86,Kuusitie,1.0
87,Kustaankatu,2.0
88,Kiskontie,1.0
107,Tenholantie,1.0
108,Radiokatu,1.0
109,Hertanmäenkatu,1.0
110,Maistraatintori,1.0
111,Esterinportti,1.0
112,Rautatieläisenkatu,2.0
113,Pasila railway station,2.0
114,Ratapihantie,1.0
115,Venttiilikuja,2.0
116,Linnanmäki Amusement Park,1.0
117,Brahen puistikko,1.0
118,Fleminginkatu,1.0
119,Gebhardinaukio,1.0
120,Mäkelänkatu,2.0
125,Arielinkatu,2.0
127,Teurastamo,2.0
128,Päijänteentie,2.0
129,Pernajantie,2.0
130,Teollisuuskatu,2.0
132,Hollolantie,1.0
133,Paavalinpuisto,2.0
138,Arabiankatu,2.0
140,Verkatehtaanpuisto,2.0
142,Koskelantie,2.0
144,Käpyläntie,2.0
145,Pohjolankatu,2.0
146,Pohjolanaukio,2.0
147,Käpylä station,2.0
148,Juhana Herttuan tie,2.0
149,Toinen linja,0.0
150,Töölönlahden puisto,1.0
161,Eteläesplanadi,0.0
162,Leppäsuonaukio,0.0
201,Länsisatamankuja,0.0
203,Opastinsilta,1.0
204,A.I. Virtasen aukio,2.0
222,Huovitie,2.0
233,Kirkkoherrantie,2.0
237,Aulangontie,2.0
290,Vallilan varikko,2.0
