Station ID,Station,vehicle
1,Kaivopuisto,0.0
4,Viiskulma,0.0
5,Sepänkatu,0.0
6,Hietalahdentori,0.0
7,Design Museum,0.0
11,Unioninkatu,0.0
13,Merisotilaantori,0.0
15,Ritarikatu,0.0
19,Central Railway Station/East,2.0
22,Central Railway Station/West,2.0
24,Mannerheimintie,2.0
26,Kamppi (M),2.0
31,Maria Hospital,0.0
32,Finnish Museum of Natural History,0.0
33,Hanken School of Economics,2.0
35,Cygnaeuksenkatu,2.0
36,Apollonkatu,2.0
37,Töölönkatu,0.0
38,Töölöntori,2.0
39,Opera,0.0
40,Hakaniemi (M),0.0
41,Ympyrätalo,0.0
42,Haapaniemenkatu,0.0
43,Karhupuisto,0.0
44,Sörnäinen (M),2.0
45,Brahen kenttä,0.0
46,Diakoniapuisto,0.0
49,Annankatu,0.0
61,Länsisatamankatu,0.0
62,Välimerenkatu,0.0
63,Jätkäsaarenlaituri,0.0
65,Hernesaarenranta,0.0
67,Perämiehenkatu,0.0
68,Albertinkatu,0.0
69,Kalevankatu,0.0
70,Sammonpuistikko,2.0
71,Hietaniemenkatu,2.0
77,Nordenskiöldinaukio,2.0
78,Messeniuksenkatu,2.0
79,Swimming Stadium,2.0
82,Töölöntulli,2.0
85,Jalavatie,2.0
86,Kuusitie,2.0
87,Kustaankatu,2.0
107,Tenholantie,2.0
108,Radiokatu,2.0
109,Hertanmäenkatu,2.0
110,Maistraatintori,2.0
111,Esterinportti,2.0
112,Rautatieläisenkatu,1.0
114,Ratapihantie,2.0
115,Venttiilikuja,2.0
117,Brahen puistikko,2.0
118,Fleminginkatu,1.0
120,Mäkelänkatu,1.0
123,Näkinsilta,0.0
126,Kalasatama (M),1.0
128,Päijänteentie,1.0
129,Pernajantie,1.0
130,Teollisuuskatu,2.0
131,Elimäenkatu,2.0
132,Hollolantie,1.0
133,Paavalinpuisto,1.0
136,Sofianlehdonkatu,1.0
137,Arabia Shopping Center,1.0
140,Verkatehtaanpuisto,1.0
141,Intiankatu,1.0
144,Käpyläntie,1.0
147,Käpylä station,1.0
148,Juhana Herttuan tie,1.0
149,Toinen linja,0.0
161,Eteläesplanadi,0.0
162,Leppäsuonaukio,0.0
201,Länsisatamankuja,0.0
202,Merihaka,1.0
203,Opastinsilta,2.0
205,Ilmala Station,2.0
227,Kylävoudintie,1.0
229,Käskynhaltijantie,1.0
230,Mäkitorpantie,1.0
232,Oulunkylä Station,1.0
233,Kirkkoherrantie,1.0
235,Katariina Saksilaisen katu,1.0
237,Aulangontie,1.0
243,Mustikkamaa,1.0
290,Vallilan varikko,1.0
292,Koskelan varikko,1.0
