Station ID,Station,vehicle
4,Viiskulma,0.0
5,Sepänkatu,0.0
6,Hietalahdentori,0.0
11,Unioninkatu,0.0
15,Ritarikatu,0.0
16,Liisanpuistikko,0.0
19,Central Railway Station/East,0.0
21,Töölönlahdenkatu,2.0
22,Central Railway Station/West,0.0
24,Mannerheimintie,0.0
26,Kamppi (M),0.0
29,Baana,0.0
31,Maria Hospital,0.0
32,Finnish Museum of Natural History,0.0
33,Hanken School of Economics,0.0
35,Cygnaeuksenkatu,0.0
37,Töölönkatu,0.0
38,Töölöntori,2.0
39,Opera,0.0
40,Hakaniemi (M),0.0
42,Haapaniemenkatu,2.0
44,Sörnäinen (M),1.0
45,Brahen kenttä,2.0
46,Diakoniapuisto,2.0
48,Mastokatu,0.0
49,Annankatu,0.0
61,Länsisatamankatu,0.0
62,Välimerenkatu,0.0
64,Tyynenmerenkatu,0.0
67,Perämiehenkatu,0.0
68,Albertinkatu,0.0
69,Kalevankatu,0.0
71,Hietaniemenkatu,0.0
75,Korjaamo,2.0
76,Olympic Stadium,2.0
77,Nordenskiöldinaukio,2.0
78,Messeniuksenkatu,2.0
79,Swimming Stadium,2.0
80,Ice hall,2.0
81,Stenbäckinkatu,2.0
82,Töölöntulli,2.0
85,Jalavatie,2.0
86,Kuusitie,2.0
87,Kustaankatu,1.0
88,Kiskontie,2.0
107,Tenholantie,2.0
111,Esterinportti,2.0
112,Rautatieläisenkatu,1.0
113,Pasila railway station,2.0
114,Ratapihantie,2.0
115,Venttiilikuja,2.0
117,Brahen puistikko,2.0
120,Mäkelänkatu,2.0
122,Lintulahdenkatu,2.0
124,Isoisänsilta,1.0
128,Päijänteentie,1.0
129,Pernajantie,2.0
130,Teollisuuskatu,2.0
132,Hollolantie,1.0
133,Paavalinpuisto,1.0
137,Arabia Shopping Center,1.0
140,Verkatehtaanpuisto,1.0
141,Intiankatu,1.0
142,Koskelantie,1.0
144,Käpyläntie,1.0
145,Pohjolankatu,1.0
150,Töölönlahden puisto,2.0
162,Leppäsuonaukio,0.0
201,Länsisatamankuja,0.0
203,Opastinsilta,2.0
225,Maunula,1.0
229,Käskynhaltijantie,1.0
232,Oulunkylä Station,1.0
233,Kirkkoherrantie,1.0
237,Aulangontie,1.0
290,Vallilan varikko,1.0
293,Korkeasaari,1.0
294,Postipuisto,1.0
