Station ID,Station,vehicle
1,Kaivopuisto,0.0
2,Laivasillankatu,0.0
3,Kapteeninpuistikko,0.0
5,Sepänkatu,0.0
6,Hietalahdentori,0.0
10,Kasarmitori,0.0
14,Senate Square,0.0
15,Ritarikatu,0.0
17,Varsapuistikko,0.0
18,Porthania,0.0
20,Kaisaniemenpuisto,0.0
23,Kiasma,0.0
25,Narinkka,0.0
27,Eerikinkatu,0.0
28,Lastenlehto,0.0
31,Maria Hospital,0.0
32,Finnish Museum of Natural History,0.0
34,National Museum,2.0
35,Cygnaeuksenkatu,0.0
36,Apollonkatu,2.0
41,Ympyrätalo,0.0
43,Karhupuisto,1.0
44,Sörnäinen (M),2.0
45,Brahen kenttä,2.0
62,Välimerenkatu,0.0
67,Perämiehenkatu,0.0
69,Kalevankatu,0.0
70,Sammonpuistikko,0.0
71,Hietaniemenkatu,0.0
72,Eteläinen Hesperiankatu,2.0
73,Kesäkatu,0.0
74,Rajasaarentie,2.0
75,Korjaamo,2.0
79,Swimming Stadium,2.0
85,Jalavatie,2.0
86,Kuusitie,2.0
88,Kiskontie,1.0
108,Radiokatu,1.0
109,Hertanmäenkatu,2.0
110,Maistraatintori,2.0
111,Esterinportti,2.0
113,Pasila railway station,2.0
114,Ratapihantie,2.0
115,Venttiilikuja,2.0
117,Brahen puistikko,2.0
119,Gebhardinaukio,1.0
120,Mäkelänkatu,1.0
121,Vilhonvuorenkatu,1.0
122,Lintulahdenkatu,0.0
124,Isoisänsilta,1.0
125,Arielinkatu,1.0
129,Pernajantie,2.0
130,Teollisuuskatu,2.0
132,Hollolantie,2.0
134,Haukilahdenkatu,2.0
135,Velodrominrinne,1.0
137,Arabia Shopping Center,2.0
140,Verkatehtaanpuisto,1.0
141,Intiankatu,1.0
147,Käpylä station,1.0
150,Töölönlahden puisto,2.0
162,Leppäsuonaukio,0.0
200,West Terminal,0.0
202,Merihaka,2.0
203,Opastinsilta,2.0
205,Ilmala Station,1.0
222,Huovitie,1.0
224,Vesakkotie,1.0
227,Kylävoudintie,1.0
228,Kustaankartano,1.0
229,Käskynhaltijantie,1.0
290,Vallilan varikko,2.0
292,Koskelan varikko,1.0
293,Korkeasaari,1.0
294,Postipuisto,1.0
