Station ID,Station,vehicle
1,Kaivopuisto,0.0
3,Kapteeninpuistikko,0.0
5,Sepänkatu,0.0
6,Hietalahdentori,0.0
8,Vanha kirkkopuisto,0.0
10,Kasarmitori,0.0
11,Unioninkatu,0.0
12,Kanavaranta,0.0
14,Senate Square,0.0
15,Ritarikatu,0.0
17,Varsapuistikko,0.0
18,Porthania,0.0
20,Kaisaniemenpuisto,0.0
23,Kiasma,2.0
25,Narinkka,0.0
26,Kamppi (M),0.0
27,Eerikinkatu,0.0
28,Lastenlehto,0.0
29,Baana,0.0
30,Itämerentori,0.0
31,Maria Hospital,0.0
32,Finnish Museum of Natural History,2.0
33,Hanken School of Economics,0.0
34,National Museum,0.0
35,Cygnaeuksenkatu,0.0
36,Apollonkatu,2.0
38,Töölöntori,0.0
42,Haapaniemenkatu,1.0
43,Karhupuisto,2.0
44,Sörnäinen (M),2.0
48,Mastokatu,0.0
61,Länsisatamankatu,0.0
62,Välimerenkatu,0.0
65,Hernesaarenranta,0.0
69,Kalevankatu,0.0
70,Sammonpuistikko,2.0
74,Rajasaarentie,2.0
75,Korjaamo,2.0
76,Olympic Stadium,2.0
86,Kuusitie,2.0
87,Kustaankatu,2.0
108,Radiokatu,2.0
109,Hertanmäenkatu,2.0
110,Maistraatintori,2.0
111,Esterinportti,2.0
113,Pasila railway station,2.0
114,Ratapihantie,2.0
115,Venttiilikuja,1.0
116,Linnanmäki Amusement Park,2.0
117,Brahen puistikko,1.0
119,Gebhardinaukio,2.0
120,Mäkelänkatu,2.0
121,Vilhonvuorenkatu,1.0
122,Lintulahdenkatu,2.0
124,Isoisänsilta,1.0
125,Arielinkatu,1.0
128,Päijänteentie,1.0
129,Pernajantie,2.0
134,Haukilahdenkatu,2.0
135,Velodrominrinne,2.0
136,Sofianlehdonkatu,1.0
140,Verkatehtaanpuisto,1.0
145,Pohjolankatu,1.0
147,Käpylä station,1.0
162,Leppäsuonaukio,0.0
202,Merihaka,2.0
203,Opastinsilta,2.0
205,Ilmala Station,2.0
224,Vesakkotie,1.0
227,Kylävoudintie,1.0
229,Käskynhaltijantie,1.0
230,Mäkitorpantie,1.0
233,Kirkkoherrantie,1.0
236,Hernepellontie,1.0
237,Aulangontie,1.0
243,Mustikkamaa,1.0
294,Postipuisto,1.0
